id,name,continent,subregion,driving_side,area,population,gdp_per_capita,Armed Forces size,Capital/Major City,GDP,Latitude,Longitude,hemisphere,pop_density,is_landlocked,timezone_count,unesco_sites,population_cat,area_cat,GDP_cat,gdp_per_capita_cat,armed_forces_cat,pop_density_cat,timezone_cat,unesco_cat,latitude_cat,longitude_cat,olympics_hosted_count,olympics_latest_year
IND,India,Asia,Southern Asia,Left,3287260,1428627663,2485,3031000,New Delhi,2611000000000,20.593684,78.96288,North,434.6,False,1,42,51.8M-1.4B,1.0M-17.1M km²,Giant ($2T-$10T),$1.6K-$3.8K,500K+,302-19.0K /km²,1,26+,Tropical (10° to 25°),Central Asia (60° to 100°),0,0
CHN,China,Asia,Eastern Asia,Right,9562910,1410710000,12614,2695000,Beijing,19910000000000,35.86166,104.195397,North,147.52,False,1,57,51.8M-1.4B,1.0M-17.1M km²,Superpower ($10T+),$7.2K-$13.9K,500K+,103-161 /km²,1,26+,Subtropical (25° to 40°),East Asia (100° to 140°),2,2022
USA,United States,Americas,Northern America,Right,9831510,334914895,81695,1359000,"Washington, D.C.",21427700000000,37.09024,-95.712891,North,34.07,False,11,25,51.8M-1.4B,1.0M-17.1M km²,Superpower ($10T+),$32.6K-$128.3K,500K+,19-44 /km²,6+,11-25,Subtropical (25° to 40°),Americas (-100° to -50°),8,2028
IDN,Indonesia,Asia,South-Eastern Asia,Left,1916907,277534122,4941,676000,Jakarta,1119190780753,-0.789275,113.921327,South,144.78,False,3,10,51.8M-1.4B,1.0M-17.1M km²,Major ($500B-$2T),$3.8K-$7.2K,500K+,103-161 /km²,3-5,6-10,Equatorial (-10° to 10°),East Asia (100° to 140°),0,0
PAK,Pakistan,Asia,Southern Asia,Left,796100,240485658,1407,936000,Islamabad,304400000000,30.375321,69.345116,North,302.08,False,1,6,51.8M-1.4B,456.9K-1.0M km²,Mid-Size ($100B-$500B),$200-$1.6K,500K+,161-302 /km²,1,6-10,Subtropical (25° to 40°),Central Asia (60° to 100°),0,0
NGA,Nigeria,Africa,Sub-Saharan Africa,Right,923770,223804632,1621,215000,Abuja,448120428859,9.081999,8.675277,North,242.27,False,1,2,51.8M-1.4B,456.9K-1.0M km²,Mid-Size ($100B-$500B),$1.6K-$3.8K,150K-500K,161-302 /km²,1,1-2,Equatorial (-10° to 10°),Europe/Africa (0° to 30°),0,0
BRA,Brazil,Americas,Latin America And The Caribbean,Right,8515770,216422446,10044,730000,Bras���,1839758040766,-14.235004,-51.92528,South,25.41,False,4,23,51.8M-1.4B,1.0M-17.1M km²,Major ($500B-$2T),$7.2K-$13.9K,500K+,19-44 /km²,3-5,11-25,Southern (-30° to -10°),Americas (-100° to -50°),1,2016
BGD,Bangladesh,Asia,Southern Asia,Left,147570,172954319,2529,221000,Dhaka,302571254131,23.684994,90.356331,North,1172.02,False,1,3,51.8M-1.4B,88.2K-206.5K km²,Mid-Size ($100B-$500B),$1.6K-$3.8K,150K-500K,302-19.0K /km²,1,3-5,Tropical (10° to 25°),Central Asia (60° to 100°),0,0
RUS,Russia,Europe,Eastern Europe,Right,17098250,143826130,13817,1454000,Moscow,1699876578871,61.52401,105.318756,North,8.41,False,9,32,51.8M-1.4B,1.0M-17.1M km²,Major ($500B-$2T),$7.2K-$13.9K,500K+,2-19 /km²,6+,26+,Northern (55°+),East Asia (100° to 140°),2,2014
MEX,Mexico,Americas,Latin America And The Caribbean,Right,1964375,128455567,13926,336000,Mexico City,1258286717125,23.634501,-102.552784,North,65.39,False,3,35,51.8M-1.4B,1.0M-17.1M km²,Major ($500B-$2T),$13.9K-$32.6K,150K-500K,44-72 /km²,3-5,26+,Tropical (10° to 25°),Far West (< -100°),1,1968
ETH,Ethiopia,Africa,Sub-Saharan Africa,Right,1136240,126527060,1294,138000,Addis Ababa,96107662398,9.145,40.489673,North,111.36,True,1,11,51.8M-1.4B,1.0M-17.1M km²,Developing ($25B-$100B),$200-$1.6K,50K-150K,103-161 /km²,1,11-25,Equatorial (-10° to 10°),Middle East (30° to 60°),0,0
JPN,Japan,Asia,Eastern Asia,Left,377974,124516650,33834,261000,Tokyo,5081769542380,36.204824,138.252924,North,329.43,False,1,26,51.8M-1.4B,206.5K-456.9K km²,Giant ($2T-$10T),$32.6K-$128.3K,150K-500K,302-19.0K /km²,1,26+,Subtropical (25° to 40°),East Asia (100° to 140°),4,2020
PHL,Philippines,Asia,South-Eastern Asia,Right,300000,117337368,3726,153000,Manila,376795508680,12.879721,121.774017,North,391.12,False,1,6,51.8M-1.4B,206.5K-456.9K km²,Mid-Size ($100B-$500B),$1.6K-$3.8K,150K-500K,302-19.0K /km²,1,6-10,Tropical (10° to 25°),East Asia (100° to 140°),0,0
COD,DR Congo,Africa,Middle Africa,Right,2344858,112832000,-1,-1,Kinshasa,-1,0.0,25.0,North,48.12,False,2,5,51.8M-1.4B,1.0M-17.1M km²,Unknown,Unknown,Unknown,44-72 /km²,2,3-5,Equatorial (-10° to 10°),Europe/Africa (0° to 30°),0,0
EGY,Egypt,Africa,Northern Africa,Right,1001450,112716598,3513,836000,Cairo,303175127598,26.820553,30.802498,North,112.55,False,1,7,51.8M-1.4B,456.9K-1.0M km²,Mid-Size ($100B-$500B),$1.6K-$3.8K,500K+,103-161 /km²,1,6-10,Subtropical (25° to 40°),Middle East (30° to 60°),0,0
VNM,Vietnam,Asia,South-Eastern Asia,Right,331340,98858950,4347,522000,Hanoi,261921244843,14.058324,108.277199,North,298.36,False,1,8,51.8M-1.4B,206.5K-456.9K km²,Mid-Size ($100B-$500B),$3.8K-$7.2K,500K+,161-302 /km²,1,6-10,Tropical (10° to 25°),East Asia (100° to 140°),0,0
IRN,Iran,Asia,Southern Asia,Right,1745150,89172767,4503,563000,Tehran,445345282123,32.427908,53.688046,North,51.1,False,1,28,51.8M-1.4B,1.0M-17.1M km²,Mid-Size ($100B-$500B),$3.8K-$7.2K,500K+,44-72 /km²,1,26+,Subtropical (25° to 40°),Middle East (30° to 60°),0,0
TUR,Turkey,Asia,Western Asia,Right,785350,85326000,12986,512000,Ankara,754411708203,38.963745,35.243322,North,108.65,False,1,21,51.8M-1.4B,456.9K-1.0M km²,Major ($500B-$2T),$7.2K-$13.9K,500K+,103-161 /km²,1,11-25,Subtropical (25° to 40°),Middle East (30° to 60°),0,0
DEU,Germany,Europe,Western Europe,Right,357590,84482267,52746,180000,Berlin,3845630030824,51.165691,10.451526,North,236.25,False,1,52,51.8M-1.4B,206.5K-456.9K km²,Giant ($2T-$10T),$32.6K-$128.3K,150K-500K,161-302 /km²,1,26+,Temperate (40° to 55°),Europe/Africa (0° to 30°),2,1972
THA,Thailand,Asia,South-Eastern Asia,Left,513120,71801279,7172,455000,Bangkok,543649976166,15.870032,100.992541,North,139.93,False,1,7,51.8M-1.4B,456.9K-1.0M km²,Major ($500B-$2T),$7.2K-$13.9K,150K-500K,103-161 /km²,1,6-10,Tropical (10° to 25°),East Asia (100° to 140°),0,0
GBR,United Kingdom,Europe,Northern Europe,Left,243610,68350000,48867,148000,London,2827113184696,55.378051,-3.435973,North,280.57,False,9,34,51.8M-1.4B,206.5K-456.9K km²,Giant ($2T-$10T),$32.6K-$128.3K,50K-150K,161-302 /km²,6+,26+,Northern (55°+),Atlantic (-50° to 0°),3,2012
FRA,France,Europe,Western Europe,Right,549087,68170228,44461,307000,Paris,2715518274227,46.227638,2.213749,North,124.15,False,14,52,51.8M-1.4B,456.9K-1.0M km²,Giant ($2T-$10T),$32.6K-$128.3K,150K-500K,103-161 /km²,6+,26+,Temperate (40° to 55°),Europe/Africa (0° to 30°),5,2024
TZA,Tanzania,Africa,Sub-Saharan Africa,Left,947300,67438106,1211,28000,Dodoma,63177068175,-6.369028,34.888822,South,71.19,False,1,7,51.8M-1.4B,456.9K-1.0M km²,Developing ($25B-$100B),$200-$1.6K,10K-50K,44-72 /km²,1,6-10,Equatorial (-10° to 10°),Middle East (30° to 60°),0,0
ZAF,South Africa,Africa,Sub-Saharan Africa,Left,1219090,60414495,6253,80000,Pretoria,351431649241,-30.559482,22.937506,South,49.56,False,1,10,51.8M-1.4B,1.0M-17.1M km²,Mid-Size ($100B-$500B),$3.8K-$7.2K,50K-150K,44-72 /km²,1,6-10,Deep South (< -30°),Europe/Africa (0° to 30°),0,0
ITA,Italy,Europe,Southern Europe,Right,302068,58761146,38373,347000,Rome,2001244392042,41.87194,12.56738,North,194.53,False,1,59,51.8M-1.4B,206.5K-456.9K km²,Giant ($2T-$10T),$32.6K-$128.3K,150K-500K,161-302 /km²,1,26+,Temperate (40° to 55°),Europe/Africa (0° to 30°),4,2026
KEN,Kenya,Africa,Sub-Saharan Africa,Left,580370,55100586,1950,29000,Nairobi,95503088538,-0.023559,37.906193,South,94.94,False,1,7,51.8M-1.4B,456.9K-1.0M km²,Developing ($25B-$100B),$1.6K-$3.8K,10K-50K,72-103 /km²,1,6-10,Equatorial (-10° to 10°),Middle East (30° to 60°),0,0
MMR,Myanmar,Asia,South-Eastern Asia,Right,676590,54577997,1188,513000,Naypyidaw,76085852617,21.916221,95.955974,North,80.67,False,1,2,51.8M-1.4B,456.9K-1.0M km²,Developing ($25B-$100B),$200-$1.6K,500K+,72-103 /km²,1,1-2,Tropical (10° to 25°),Central Asia (60° to 100°),0,0
COL,Colombia,Americas,Latin America And The Caribbean,Right,1140619,52085168,6980,481000,Bogot�,323802808108,4.570868,-74.297333,North,45.66,False,1,9,51.8M-1.4B,1.0M-17.1M km²,Mid-Size ($100B-$500B),$3.8K-$7.2K,150K-500K,44-72 /km²,1,6-10,Equatorial (-10° to 10°),Americas (-100° to -50°),0,0
KOR,South Korea,Asia,Eastern Asia,Right,100430,51712619,33121,634000,Seoul,2029000000000,35.907757,127.766922,North,514.91,False,1,16,25.8M-51.8M,88.2K-206.5K km²,Giant ($2T-$10T),$32.6K-$128.3K,500K+,302-19.0K /km²,1,11-25,Subtropical (25° to 40°),East Asia (100° to 140°),2,2018
UGA,Uganda,Africa,Sub-Saharan Africa,Left,241550,48582334,1014,46000,Kampala,34387229486,1.373333,32.290275,North,201.13,True,1,3,25.8M-51.8M,206.5K-456.9K km²,Developing ($25B-$100B),$200-$1.6K,10K-50K,161-302 /km²,1,3-5,Equatorial (-10° to 10°),Middle East (30° to 60°),0,0
ESP,Spain,Europe,Southern Europe,Right,505965,48373336,32677,196000,Madrid,1394116310769,40.463667,-3.74922,North,95.61,False,2,50,25.8M-51.8M,456.9K-1.0M km²,Major ($500B-$2T),$32.6K-$128.3K,150K-500K,72-103 /km²,2,26+,Temperate (40° to 55°),Atlantic (-50° to 0°),1,1992
SDN,Sudan,Africa,Northern Africa,Right,1878000,48109006,2272,124000,Khartoum,18902284476,12.862807,30.217636,North,25.62,False,1,3,25.8M-51.8M,1.0M-17.1M km²,Small ($5B-$25B),$1.6K-$3.8K,50K-150K,19-44 /km²,1,3-5,Tropical (10° to 25°),Middle East (30° to 60°),0,0
ARG,Argentina,Americas,Latin America And The Caribbean,Right,2780400,46654581,13731,105000,Buenos Aires,449663446954,-38.416097,-63.616672,South,16.78,False,1,12,25.8M-51.8M,1.0M-17.1M km²,Mid-Size ($100B-$500B),$7.2K-$13.9K,50K-150K,2-19 /km²,1,11-25,Deep South (< -30°),Americas (-100° to -50°),0,0
DZA,Algeria,Africa,Northern Africa,Right,2381741,45606480,5260,317000,Algiers,169988236398,28.033886,1.659626,North,19.15,False,1,7,25.8M-51.8M,1.0M-17.1M km²,Mid-Size ($100B-$500B),$3.8K-$7.2K,150K-500K,2-19 /km²,1,6-10,Subtropical (25° to 40°),Europe/Africa (0° to 30°),0,0
IRQ,Iraq,Asia,Western Asia,Right,435050,45504560,5512,209000,Baghdad,234094042939,33.223191,43.679291,North,104.6,False,1,6,25.8M-51.8M,206.5K-456.9K km²,Mid-Size ($100B-$500B),$3.8K-$7.2K,150K-500K,103-161 /km²,1,6-10,Subtropical (25° to 40°),Middle East (30° to 60°),0,0
AFG,Afghanistan,Asia,Southern Asia,Right,652230,43844000,-1,-1,Kabul,-1,33.0,65.0,North,67.22,True,1,2,25.8M-51.8M,456.9K-1.0M km²,Unknown,Unknown,Unknown,44-72 /km²,1,1-2,Subtropical (25° to 40°),Central Asia (60° to 100°),0,0
CAN,Canada,Americas,Northern America,Right,15634410,40097761,53372,72000,Ottawa,1736425629520,56.130366,-106.346771,North,2.56,False,6,22,25.8M-51.8M,1.0M-17.1M km²,Major ($500B-$2T),$32.6K-$128.3K,50K-150K,2-19 /km²,6+,11-25,Northern (55°+),Far West (< -100°),3,2010
MAR,Morocco,Africa,Northern Africa,Right,446550,37840044,3672,246000,Rabat,118725279596,31.791702,-7.09262,North,84.74,False,1,9,25.8M-51.8M,206.5K-456.9K km²,Mid-Size ($100B-$500B),$1.6K-$3.8K,150K-500K,72-103 /km²,1,6-10,Subtropical (25° to 40°),Atlantic (-50° to 0°),0,0
UKR,Ukraine,Europe,Eastern Europe,Right,603550,37000000,5181,297000,Kyiv,153781069118,48.379433,31.16558,North,61.3,False,1,8,25.8M-51.8M,456.9K-1.0M km²,Mid-Size ($100B-$500B),$3.8K-$7.2K,150K-500K,44-72 /km²,1,6-10,Temperate (40° to 55°),Middle East (30° to 60°),0,0
SAU,Saudi Arabia,Asia,Western Asia,Right,2149690,36947025,28895,252000,Riyadh,792966838162,23.885942,45.079162,North,17.19,False,1,7,25.8M-51.8M,1.0M-17.1M km²,Major ($500B-$2T),$13.9K-$32.6K,150K-500K,2-19 /km²,1,6-10,Tropical (10° to 25°),Middle East (30° to 60°),0,0
POL,Poland,Europe,Eastern Europe,Right,312710,36685849,22113,191000,Warsaw,592164400688,51.919438,19.145136,North,117.32,False,1,18,25.8M-51.8M,206.5K-456.9K km²,Major ($500B-$2T),$13.9K-$32.6K,150K-500K,103-161 /km²,1,11-25,Temperate (40° to 55°),Europe/Africa (0° to 30°),0,0
AGO,Angola,Africa,Sub-Saharan Africa,Right,1246700,36684202,2310,117000,Luanda,94635415870,-11.202692,17.873887,South,29.43,False,1,0,25.8M-51.8M,1.0M-17.1M km²,Developing ($25B-$100B),$1.6K-$3.8K,50K-150K,19-44 /km²,1,0,Southern (-30° to -10°),Europe/Africa (0° to 30°),0,0
UZB,Uzbekistan,Asia,Central Asia,Right,448924,36412350,2496,68000,Tashkent,57921286440,41.377491,64.585262,North,81.11,True,1,7,25.8M-51.8M,206.5K-456.9K km²,Developing ($25B-$100B),$1.6K-$3.8K,50K-150K,72-103 /km²,1,6-10,Temperate (40° to 55°),Central Asia (60° to 100°),0,0
YEM,Yemen,Asia,Western Asia,Right,527970,34449825,533,40000,Sanaa,26914402224,15.552727,48.516388,North,65.25,False,1,5,25.8M-51.8M,456.9K-1.0M km²,Developing ($25B-$100B),$200-$1.6K,10K-50K,44-72 /km²,1,3-5,Tropical (10° to 25°),Middle East (30° to 60°),0,0
PER,Peru,Americas,Latin America And The Caribbean,Right,1285220,34352719,7790,158000,Lima,226848050820,-9.189967,-75.015152,South,26.73,False,1,13,25.8M-51.8M,1.0M-17.1M km²,Mid-Size ($100B-$500B),$7.2K-$13.9K,150K-500K,19-44 /km²,1,11-25,Equatorial (-10° to 10°),Americas (-100° to -50°),0,0
MYS,Malaysia,Asia,South-Eastern Asia,Left,330411,34308525,11649,136000,Kuala Lumpur,364701517788,4.210484,101.975766,North,103.84,False,1,4,25.8M-51.8M,206.5K-456.9K km²,Mid-Size ($100B-$500B),$7.2K-$13.9K,50K-150K,103-161 /km²,1,3-5,Equatorial (-10° to 10°),East Asia (100° to 140°),0,0
GHA,Ghana,Africa,Sub-Saharan Africa,Right,238530,34121985,2238,16000,Accra,66983634224,7.946527,-1.023194,North,143.05,False,1,2,25.8M-51.8M,206.5K-456.9K km²,Developing ($25B-$100B),$1.6K-$3.8K,10K-50K,103-161 /km²,1,1-2,Equatorial (-10° to 10°),Atlantic (-50° to 0°),0,0
MOZ,Mozambique,Africa,Sub-Saharan Africa,Left,799380,33897354,608,11000,Maputo,14934159926,-18.665695,35.529562,South,42.4,False,1,1,25.8M-51.8M,456.9K-1.0M km²,Small ($5B-$25B),$200-$1.6K,10K-50K,19-44 /km²,1,1-2,Southern (-30° to -10°),Middle East (30° to 60°),0,0
CIV,Ivory Coast,Africa,Western Africa,Right,322463,31719275,-1,-1,Yamoussoukro,-1,8.0,-5.0,North,98.37,False,1,5,25.8M-51.8M,206.5K-456.9K km²,Unknown,Unknown,Unknown,72-103 /km²,1,3-5,Equatorial (-10° to 10°),Atlantic (-50° to 0°),0,0
NPL,Nepal,Asia,Southern Asia,Left,147180,30896590,1324,112000,Kathmandu,30641380604,28.394857,84.124008,North,209.92,True,1,4,25.8M-51.8M,88.2K-206.5K km²,Developing ($25B-$100B),$200-$1.6K,50K-150K,161-302 /km²,1,3-5,Subtropical (25° to 40°),Central Asia (60° to 100°),0,0
MDG,Madagascar,Africa,Sub-Saharan Africa,Right,587295,30325732,529,22000,Antananarivo,14083906357,-18.766947,46.869107,South,51.64,False,1,3,25.8M-51.8M,456.9K-1.0M km²,Small ($5B-$25B),$200-$1.6K,10K-50K,44-72 /km²,1,3-5,Southern (-30° to -10°),Middle East (30° to 60°),0,0
CMR,Cameroon,Africa,Sub-Saharan Africa,Right,475440,28647293,1674,24000,Yaound�,38760467033,7.369722,12.354722,North,60.25,False,1,2,25.8M-51.8M,456.9K-1.0M km²,Developing ($25B-$100B),$1.6K-$3.8K,10K-50K,44-72 /km²,1,1-2,Equatorial (-10° to 10°),Europe/Africa (0° to 30°),0,0
VEN,Venezuela,Americas,South America,Right,916445,28517000,-1,-1,Caracas,-1,8.0,-66.0,North,31.12,False,1,3,25.8M-51.8M,456.9K-1.0M km²,Unknown,Unknown,Unknown,19-44 /km²,1,3-5,Equatorial (-10° to 10°),Americas (-100° to -50°),0,0
NER,Niger,Africa,Sub-Saharan Africa,Right,1267000,27202843,618,10000,Niamey,12928145120,17.607789,8.081666,North,21.47,True,1,3,25.8M-51.8M,1.0M-17.1M km²,Small ($5B-$25B),$200-$1.6K,1-10K,19-44 /km²,1,3-5,Tropical (10° to 25°),Europe/Africa (0° to 30°),0,0
AUS,Australia,Oceania,Australia And New Zealand,Left,7741220,26638544,64712,58000,Canberra,1392680589329,-25.274398,133.775136,South,3.44,False,8,20,25.8M-51.8M,1.0M-17.1M km²,Major ($500B-$2T),$32.6K-$128.3K,50K-150K,2-19 /km²,6+,11-25,Southern (-30° to -10°),East Asia (100° to 140°),2,2000
PRK,North Korea,Asia,Eastern Asia,Right,120538,25950000,-1,-1,Pyongyang,-1,40.0,127.0,North,215.28,False,1,2,25.8M-51.8M,88.2K-206.5K km²,Unknown,Unknown,Unknown,161-302 /km²,1,1-2,Temperate (40° to 55°),East Asia (100° to 140°),0,0
SYR,Syria,Asia,Western Asia,Right,185180,25620000,-1,-1,Damascus,-1,35.0,38.0,North,138.35,False,1,6,11.3M-25.8M,88.2K-206.5K km²,Unknown,Unknown,Unknown,103-161 /km²,1,6-10,Subtropical (25° to 40°),Middle East (30° to 60°),0,0
MLI,Mali,Africa,Sub-Saharan Africa,Right,1240190,23293698,897,18000,Bamako,17510141171,17.570692,-3.996166,North,18.78,True,1,4,11.3M-25.8M,1.0M-17.1M km²,Small ($5B-$25B),$200-$1.6K,10K-50K,2-19 /km²,1,3-5,Tropical (10° to 25°),Atlantic (-50° to 0°),0,0
BFA,Burkina Faso,Africa,Sub-Saharan Africa,Right,274220,23251485,874,11000,Ouagadougou,15745810235,12.238333,-1.561593,North,84.79,True,1,3,11.3M-25.8M,206.5K-456.9K km²,Small ($5B-$25B),$200-$1.6K,10K-50K,72-103 /km²,1,3-5,Tropical (10° to 25°),Atlantic (-50° to 0°),0,0
LKA,Sri Lanka,Asia,Southern Asia,Left,65610,22037000,3828,317000,Colombo,84008783756,7.873054,80.771797,North,335.88,False,1,8,11.3M-25.8M,28.8K-88.2K km²,Developing ($25B-$100B),$3.8K-$7.2K,150K-500K,302-19.0K /km²,1,6-10,Equatorial (-10° to 10°),Central Asia (60° to 100°),0,0
MWI,Malawi,Africa,Sub-Saharan Africa,Left,118480,20931751,673,15000,Lilongwe,7666704427,-13.254308,34.301525,South,176.67,True,1,2,11.3M-25.8M,88.2K-206.5K km²,Small ($5B-$25B),$200-$1.6K,10K-50K,161-302 /km²,1,1-2,Southern (-30° to -10°),Middle East (30° to 60°),0,0
ZMB,Zambia,Africa,Sub-Saharan Africa,Left,752610,20569737,1369,16000,Lusaka,23064722446,-13.133897,27.849332,South,27.33,True,1,1,11.3M-25.8M,456.9K-1.0M km²,Small ($5B-$25B),$200-$1.6K,10K-50K,19-44 /km²,1,1-2,Southern (-30° to -10°),Europe/Africa (0° to 30°),0,0
KAZ,Kazakhstan,Asia,Central Asia,Right,2724900,19900177,13137,71000,Astana,180161741180,48.019573,66.923684,North,7.3,True,2,6,11.3M-25.8M,1.0M-17.1M km²,Mid-Size ($100B-$500B),$7.2K-$13.9K,50K-150K,2-19 /km²,2,6-10,Temperate (40° to 55°),Central Asia (60° to 100°),0,0
CHL,Chile,Americas,Latin America And The Caribbean,Right,756700,19629590,17093,122000,Santiago,282318159745,-35.675147,-71.542969,South,25.94,False,2,7,11.3M-25.8M,456.9K-1.0M km²,Mid-Size ($100B-$500B),$13.9K-$32.6K,50K-150K,19-44 /km²,2,6-10,Deep South (< -30°),Americas (-100° to -50°),0,0
ROU,Romania,Europe,Eastern Europe,Right,238400,19056116,18419,126000,Bucharest,250077444017,45.943161,24.96676,North,79.93,False,1,9,11.3M-25.8M,206.5K-456.9K km²,Mid-Size ($100B-$500B),$13.9K-$32.6K,50K-150K,72-103 /km²,1,6-10,Temperate (40° to 55°),Europe/Africa (0° to 30°),0,0
TCD,Chad,Africa,Sub-Saharan Africa,Right,1284000,18278568,719,35000,N'Djamena,11314951343,15.454166,18.732207,North,14.24,True,1,2,11.3M-25.8M,1.0M-17.1M km²,Small ($5B-$25B),$200-$1.6K,10K-50K,2-19 /km²,1,1-2,Tropical (10° to 25°),Europe/Africa (0° to 30°),0,0
ECU,Ecuador,Americas,Latin America And The Caribbean,Right,256370,18190484,6533,41000,Quito,107435665000,-1.831239,-78.183406,South,70.95,False,2,5,11.3M-25.8M,206.5K-456.9K km²,Mid-Size ($100B-$500B),$3.8K-$7.2K,10K-50K,44-72 /km²,2,3-5,Equatorial (-10° to 10°),Americas (-100° to -50°),0,0
SOM,Somalia,Africa,Sub-Saharan Africa,Right,637660,18143378,644,20000,Mogadishu,4720727278,5.152149,46.199616,North,28.45,False,1,0,11.3M-25.8M,456.9K-1.0M km²,Micro (<$5B),$200-$1.6K,10K-50K,19-44 /km²,1,0,Equatorial (-10° to 10°),Middle East (30° to 60°),0,0
NLD,Netherlands,Europe,Western Europe,Right,41540,17879488,62537,41000,Amsterdam,909070395161,52.132633,5.291266,North,430.42,False,1,13,11.3M-25.8M,28.8K-88.2K km²,Major ($500B-$2T),$32.6K-$128.3K,10K-50K,302-19.0K /km²,1,11-25,Temperate (40° to 55°),Europe/Africa (0° to 30°),1,1928
SEN,Senegal,Africa,Sub-Saharan Africa,Right,196710,17763163,1746,19000,Dakar,23578084052,14.497401,-14.452362,North,90.3,False,1,7,11.3M-25.8M,88.2K-206.5K km²,Small ($5B-$25B),$1.6K-$3.8K,10K-50K,72-103 /km²,1,6-10,Tropical (10° to 25°),Atlantic (-50° to 0°),0,0
GTM,Guatemala,Americas,Latin America And The Caribbean,Right,108890,17602431,5798,43000,Guatemala City,76710385880,15.783471,-90.230759,North,161.65,False,1,3,11.3M-25.8M,88.2K-206.5K km²,Developing ($25B-$100B),$3.8K-$7.2K,10K-50K,161-302 /km²,1,3-5,Tropical (10° to 25°),Americas (-100° to -50°),0,0
KHM,Cambodia,Asia,South-Eastern Asia,Right,181040,16944826,1875,191000,Phnom Penh,27089389787,12.565679,104.990963,North,93.6,False,1,3,11.3M-25.8M,88.2K-206.5K km²,Developing ($25B-$100B),$1.6K-$3.8K,150K-500K,72-103 /km²,1,3-5,Tropical (10° to 25°),East Asia (100° to 140°),0,0
ZWE,Zimbabwe,Africa,Sub-Saharan Africa,Left,390760,16665409,1592,51000,Harare,21440758800,-19.015438,29.154857,South,42.65,True,1,5,11.3M-25.8M,206.5K-456.9K km²,Small ($5B-$25B),$200-$1.6K,50K-150K,19-44 /km²,1,3-5,Southern (-30° to -10°),Europe/Africa (0° to 30°),0,0
SSD,South Sudan,Africa,Middle Africa,Right,619745,15786898,-1,-1,Juba,-1,7.0,30.0,North,25.47,True,1,0,11.3M-25.8M,456.9K-1.0M km²,Unknown,Unknown,Unknown,19-44 /km²,1,0,Equatorial (-10° to 10°),Middle East (30° to 60°),0,0
GIN,Guinea,Africa,Sub-Saharan Africa,Right,245860,14190612,1664,13000,Conakry,13590281809,9.945587,-9.696645,North,57.72,False,1,1,11.3M-25.8M,206.5K-456.9K km²,Small ($5B-$25B),$1.6K-$3.8K,10K-50K,44-72 /km²,1,1-2,Equatorial (-10° to 10°),Atlantic (-50° to 0°),0,0
RWA,Rwanda,Africa,Sub-Saharan Africa,Right,26340,14094683,1000,35000,Kigali,10122472590,-1.940278,29.873888,South,535.11,True,1,2,11.3M-25.8M,2.8K-28.8K km²,Small ($5B-$25B),$200-$1.6K,10K-50K,302-19.0K /km²,1,1-2,Equatorial (-10° to 10°),Europe/Africa (0° to 30°),0,0
BEN,Benin,Africa,Sub-Saharan Africa,Right,114760,13712828,1435,12000,Porto-Novo,14390709095,9.30769,2.315834,North,119.49,False,1,2,11.3M-25.8M,88.2K-206.5K km²,Small ($5B-$25B),$200-$1.6K,10K-50K,103-161 /km²,1,1-2,Equatorial (-10° to 10°),Europe/Africa (0° to 30°),0,0
BDI,Burundi,Africa,Sub-Saharan Africa,Right,27830,13238559,200,31000,Bujumbura,3012334882,-3.373056,29.918886,South,475.69,True,1,0,11.3M-25.8M,2.8K-28.8K km²,Micro (<$5B),$200-$1.6K,10K-50K,302-19.0K /km²,1,0,Equatorial (-10° to 10°),Europe/Africa (0° to 30°),0,0
TUN,Tunisia,Africa,Northern Africa,Right,163610,12458223,3895,48000,Tunis,38797709924,33.886917,9.537499,North,76.15,False,1,9,11.3M-25.8M,88.2K-206.5K km²,Developing ($25B-$100B),$3.8K-$7.2K,10K-50K,72-103 /km²,1,6-10,Subtropical (25° to 40°),Europe/Africa (0° to 30°),0,0
BOL,Bolivia,Americas,Latin America And The Caribbean,Right,1098580,12388571,3701,71000,Sucre,40895322865,-16.290154,-63.588653,South,11.28,True,1,7,11.3M-25.8M,1.0M-17.1M km²,Developing ($25B-$100B),$1.6K-$3.8K,50K-150K,2-19 /km²,1,6-10,Southern (-30° to -10°),Americas (-100° to -50°),0,0
BEL,Belgium,Europe,Western Europe,Right,30530,11822592,53475,32000,City of Brussels,529606710418,50.503887,4.469936,North,387.25,False,1,16,11.3M-25.8M,28.8K-88.2K km²,Major ($500B-$2T),$32.6K-$128.3K,10K-50K,302-19.0K /km²,1,11-25,Temperate (40° to 55°),Europe/Africa (0° to 30°),1,1920
HTI,Haiti,Americas,Latin America And The Caribbean,Right,27750,11724763,1693,0,Port-au-Prince,8498981821,18.971187,-72.285215,North,422.51,False,1,1,11.3M-25.8M,2.8K-28.8K km²,Small ($5B-$25B),$1.6K-$3.8K,No Standing Army,302-19.0K /km²,1,1-2,Tropical (10° to 25°),Americas (-100° to -50°),0,0
JOR,Jordan,Asia,Western Asia,Right,89318,11337052,4482,116000,Amman,43743661972,30.585164,36.238414,North,126.93,False,1,6,11.3M-25.8M,88.2K-206.5K km²,Developing ($25B-$100B),$3.8K-$7.2K,50K-150K,103-161 /km²,1,6-10,Subtropical (25° to 40°),Middle East (30° to 60°),0,0
DOM,Dominican Republic,Americas,Latin America And The Caribbean,Right,146839,11332972,10716,71000,Santo Domingo,88941298258,18.735693,-70.162651,North,77.18,False,1,1,11.3M-25.8M,88.2K-206.5K km²,Developing ($25B-$100B),$7.2K-$13.9K,50K-150K,72-103 /km²,1,1-2,Tropical (10° to 25°),Americas (-100° to -50°),0,0
ARE,United Arab Emirates,Asia,Western Asia,Right,83600,11294243,-1,-1,Abu Dhabi,-1,24.0,54.0,North,135.1,False,1,1,6.0M-11.3M,28.8K-88.2K km²,Unknown,Unknown,Unknown,103-161 /km²,1,1-2,Tropical (10° to 25°),Middle East (30° to 60°),0,0
CZE,Czech Republic,Europe,Eastern Europe,Right,78871,10873689,30427,23000,Prague,246489245495,49.817492,15.472962,North,137.87,True,1,17,6.0M-11.3M,28.8K-88.2K km²,Mid-Size ($100B-$500B),$13.9K-$32.6K,10K-50K,103-161 /km²,1,11-25,Temperate (40° to 55°),Europe/Africa (0° to 30°),0,0
HND,Honduras,Americas,Latin America And The Caribbean,Right,112490,10593798,3247,23000,Tegucigalpa,25095395475,15.199999,-86.241905,North,94.18,False,1,2,6.0M-11.3M,88.2K-206.5K km²,Developing ($25B-$100B),$1.6K-$3.8K,10K-50K,72-103 /km²,1,1-2,Tropical (10° to 25°),Americas (-100° to -50°),0,0
SWE,Sweden,Europe,Northern Europe,Right,528861,10536632,56305,30000,Stockholm,530832908738,60.128161,18.643501,North,19.92,False,1,15,6.0M-11.3M,456.9K-1.0M km²,Major ($500B-$2T),$32.6K-$128.3K,10K-50K,19-44 /km²,1,11-25,Northern (55°+),Europe/Africa (0° to 30°),1,1912
PRT,Portugal,Europe,Southern Europe,Right,92230,10525347,27275,52000,Lisbon,237686075635,39.399872,-8.224454,North,114.12,False,2,17,6.0M-11.3M,88.2K-206.5K km²,Mid-Size ($100B-$500B),$13.9K-$32.6K,50K-150K,103-161 /km²,2,11-25,Subtropical (25° to 40°),Atlantic (-50° to 0°),0,0
GRC,Greece,Europe,Southern Europe,Right,131960,10361295,22990,146000,Athens,209852761469,39.074208,21.824312,North,78.52,False,1,19,6.0M-11.3M,88.2K-206.5K km²,Mid-Size ($100B-$500B),$13.9K-$32.6K,50K-150K,72-103 /km²,1,11-25,Subtropical (25° to 40°),Europe/Africa (0° to 30°),2,2004
PNG,Papua New Guinea,Oceania,Melanesia,Left,462840,10329931,2994,4000,Port Moresby,24969611435,-6.314993,143.95555,South,22.32,False,1,1,6.0M-11.3M,456.9K-1.0M km²,Small ($5B-$25B),$1.6K-$3.8K,1-10K,19-44 /km²,1,1-2,Equatorial (-10° to 10°),Pacific (140°+),0,0
TJK,Tajikistan,Asia,Central Asia,Right,141379,10143543,1189,17000,Dushanbe,8116626794,38.861034,71.276093,North,71.75,True,1,4,6.0M-11.3M,88.2K-206.5K km²,Small ($5B-$25B),$200-$1.6K,10K-50K,44-72 /km²,1,3-5,Subtropical (25° to 40°),Central Asia (60° to 100°),0,0
AZE,Azerbaijan,Asia,Western Asia,Right,86600,10112555,7155,82000,Baku,39207000000,40.143105,47.576927,North,116.77,True,1,5,6.0M-11.3M,28.8K-88.2K km²,Developing ($25B-$100B),$3.8K-$7.2K,50K-150K,103-161 /km²,1,3-5,Temperate (40° to 55°),Middle East (30° to 60°),0,0
ISR,Israel,Asia,Western Asia,Right,22070,9756700,52262,178000,Jerusalem,395098666122,31.046051,34.851612,North,442.08,False,1,9,6.0M-11.3M,2.8K-28.8K km²,Mid-Size ($100B-$500B),$32.6K-$128.3K,150K-500K,302-19.0K /km²,1,6-10,Subtropical (25° to 40°),Middle East (30° to 60°),0,0
CUB,Cuba,Americas,Caribbean,Right,109884,9748007,-1,-1,Havana,-1,21.5,-80.0,North,88.71,False,1,9,6.0M-11.3M,88.2K-206.5K km²,Unknown,Unknown,Unknown,72-103 /km²,1,6-10,Tropical (10° to 25°),Americas (-100° to -50°),0,0
HUN,Hungary,Europe,Eastern Europe,Right,93030,9589872,22147,40000,Budapest,160967157504,47.162494,19.503304,North,103.08,True,1,8,6.0M-11.3M,88.2K-206.5K km²,Mid-Size ($100B-$500B),$13.9K-$32.6K,10K-50K,72-103 /km²,1,6-10,Temperate (40° to 55°),Europe/Africa (0° to 30°),0,0
BLR,Belarus,Europe,Eastern Europe,Right,207630,9178298,7829,155000,Minsk,63080457023,53.709807,27.953389,North,44.21,True,1,4,6.0M-11.3M,206.5K-456.9K km²,Developing ($25B-$100B),$7.2K-$13.9K,150K-500K,44-72 /km²,1,3-5,Temperate (40° to 55°),Europe/Africa (0° to 30°),0,0
AUT,Austria,Europe,Western Europe,Right,83879,9132383,56506,21000,Vienna,446314739528,47.516231,14.550072,North,108.88,True,1,12,6.0M-11.3M,28.8K-88.2K km²,Mid-Size ($100B-$500B),$32.6K-$128.3K,10K-50K,103-161 /km²,1,11-25,Temperate (40° to 55°),Europe/Africa (0° to 30°),2,1976
TGO,Togo,Africa,Sub-Saharan Africa,Right,56790,9053799,1013,10000,Lom�,5459979417,8.619543,0.824782,North,159.43,False,1,1,6.0M-11.3M,28.8K-88.2K km²,Small ($5B-$25B),$200-$1.6K,1-10K,103-161 /km²,1,1-2,Equatorial (-10° to 10°),Europe/Africa (0° to 30°),0,0
CHE,Switzerland,Europe,Western Europe,Right,41291,8849852,99995,21000,Bern,703082435360,46.818188,8.227512,North,214.33,False,1,13,6.0M-11.3M,28.8K-88.2K km²,Major ($500B-$2T),$32.6K-$128.3K,10K-50K,161-302 /km²,1,11-25,Temperate (40° to 55°),Europe/Africa (0° to 30°),2,1948
SLE,Sierra Leone,Africa,Sub-Saharan Africa,Right,72300,8791092,433,9000,Freetown,3941474311,8.460555,-11.779889,North,121.59,False,1,0,6.0M-11.3M,28.8K-88.2K km²,Micro (<$5B),$200-$1.6K,1-10K,103-161 /km²,1,0,Equatorial (-10° to 10°),Atlantic (-50° to 0°),0,0
LAO,Laos,Asia,South-Eastern Asia,Right,236800,7647000,-1,-1,Vientiane,-1,18.0,105.0,North,32.29,True,1,3,6.0M-11.3M,206.5K-456.9K km²,Unknown,Unknown,Unknown,19-44 /km²,1,3-5,Tropical (10° to 25°),East Asia (100° to 140°),0,0
KGZ,Kyrgyzstan,Asia,Central Asia,Right,199951,7281800,-1,-1,Bishkek,-1,41.0,75.0,North,36.42,True,1,3,6.0M-11.3M,88.2K-206.5K km²,Unknown,Unknown,Unknown,19-44 /km²,1,3-5,Temperate (40° to 55°),Central Asia (60° to 100°),0,0
NIC,Nicaragua,Americas,Latin America And The Caribbean,Right,130370,7046310,2530,12000,Managua,12520915291,12.865416,-85.207229,North,54.05,False,1,2,6.0M-11.3M,88.2K-206.5K km²,Small ($5B-$25B),$1.6K-$3.8K,10K-50K,44-72 /km²,1,1-2,Tropical (10° to 25°),Americas (-100° to -50°),0,0
LBY,Libya,Africa,Northern Africa,Right,1759540,6888388,7330,0,Unknown,52076250948,26.3351,17.228331,North,3.91,False,1,5,6.0M-11.3M,1.0M-17.1M km²,Developing ($25B-$100B),$7.2K-$13.9K,No Standing Army,2-19 /km²,1,3-5,Subtropical (25° to 40°),Europe/Africa (0° to 30°),0,0
PRY,Paraguay,Americas,Latin America And The Caribbean,Right,406752,6861524,6260,27000,Asunci��,38145288940,-23.442503,-58.443832,South,16.87,True,1,1,6.0M-11.3M,206.5K-456.9K km²,Developing ($25B-$100B),$3.8K-$7.2K,10K-50K,2-19 /km²,1,1-2,Southern (-30° to -10°),Americas (-100° to -50°),0,0
SRB,Serbia,Europe,Southern Europe,Right,84990,6618026,11361,32000,Belgrade,51409167351,44.016521,21.005859,North,77.87,True,1,5,6.0M-11.3M,28.8K-88.2K km²,Developing ($25B-$100B),$7.2K-$13.9K,10K-50K,72-103 /km²,1,3-5,Temperate (40° to 55°),Europe/Africa (0° to 30°),0,0
TKM,Turkmenistan,Asia,Central Asia,Right,488100,6516100,9191,42000,Ashgabat,40761142857,38.969719,59.556278,North,13.35,True,1,3,6.0M-11.3M,456.9K-1.0M km²,Developing ($25B-$100B),$7.2K-$13.9K,10K-50K,2-19 /km²,1,3-5,Subtropical (25° to 40°),Middle East (30° to 60°),0,0
BGR,Bulgaria,Europe,Eastern Europe,Right,111000,6430370,15798,31000,Sofia,86000000000,42.733883,25.48583,North,57.93,False,1,10,6.0M-11.3M,88.2K-206.5K km²,Developing ($25B-$100B),$13.9K-$32.6K,10K-50K,44-72 /km²,1,6-10,Temperate (40° to 55°),Europe/Africa (0° to 30°),0,0
SLV,El Salvador,Americas,Latin America And The Caribbean,Right,21040,6364943,5344,42000,San Salvador,27022640000,13.794185,-88.89653,North,302.52,False,1,1,6.0M-11.3M,2.8K-28.8K km²,Developing ($25B-$100B),$3.8K-$7.2K,10K-50K,302-19.0K /km²,1,1-2,Tropical (10° to 25°),Americas (-100° to -50°),0,0
COG,Republic of the Congo,Africa,Middle Africa,Right,342000,6142180,-1,-1,Brazzaville,-1,-1.0,15.0,South,17.96,False,1,1,6.0M-11.3M,206.5K-456.9K km²,Unknown,Unknown,Unknown,2-19 /km²,1,1-2,Unknown,Europe/Africa (0° to 30°),0,0
DNK,Denmark,Europe,Northern Europe,Right,42920,5946952,67967,15000,Copenhagen,348078018464,56.26392,9.501785,North,138.56,False,5,10,2.6M-6.0M,28.8K-88.2K km²,Mid-Size ($100B-$500B),$32.6K-$128.3K,10K-50K,103-161 /km²,3-5,6-10,Northern (55°+),Europe/Africa (0° to 30°),0,0
SGP,Singapore,Asia,South-Eastern Asia,Left,728,5917648,84734,81000,Unknown,372062527489,1.352083,103.819836,North,8128.64,False,1,1,2.6M-6.0M,0-2.8K km²,Mid-Size ($100B-$500B),$32.6K-$128.3K,50K-150K,302-19.0K /km²,1,1-2,Equatorial (-10° to 10°),East Asia (100° to 140°),0,0
CAF,Central African Republic,Africa,Sub-Saharan Africa,Right,622980,5742315,445,8000,Bangui,2220307369,6.611111,20.939444,North,9.22,True,1,2,2.6M-6.0M,456.9K-1.0M km²,Micro (<$5B),$200-$1.6K,1-10K,2-19 /km²,1,1-2,Equatorial (-10° to 10°),Europe/Africa (0° to 30°),0,0
FIN,Finland,Europe,Northern Europe,Right,338470,5584264,53756,25000,Helsinki,268761201365,61.92411,25.748151,North,16.5,False,1,7,2.6M-6.0M,206.5K-456.9K km²,Mid-Size ($100B-$500B),$32.6K-$128.3K,10K-50K,2-19 /km²,1,6-10,Northern (55°+),Europe/Africa (0° to 30°),1,1952
NOR,Norway,Europe,Northern Europe,Right,624500,5519594,87962,23000,Oslo,403336363636,60.472024,8.468946,North,8.84,False,1,8,2.6M-6.0M,456.9K-1.0M km²,Mid-Size ($100B-$500B),$32.6K-$128.3K,10K-50K,2-19 /km²,1,6-10,Northern (55°+),Europe/Africa (0° to 30°),2,1994
LBN,Lebanon,Asia,Western Asia,Right,10452,5490000,-1,-1,Beirut,-1,33.833333,35.833333,North,525.26,False,1,6,2.6M-6.0M,2.8K-28.8K km²,Unknown,Unknown,Unknown,302-19.0K /km²,1,6-10,Subtropical (25° to 40°),Middle East (30° to 60°),0,0
PSE,Palestine,Asia,Western Asia,Right,6220,5483450,-1,-1,Ramallah,-1,31.9,35.2,North,881.58,False,1,4,2.6M-6.0M,2.8K-28.8K km²,Unknown,Unknown,Unknown,302-19.0K /km²,1,3-5,Subtropical (25° to 40°),Middle East (30° to 60°),0,0
IRL,Ireland,Europe,Northern Europe,Left,70273,5458600,-1,-1,Dublin,-1,53.0,-8.0,North,77.68,False,1,2,2.6M-6.0M,28.8K-88.2K km²,Unknown,Unknown,Unknown,72-103 /km²,1,1-2,Temperate (40° to 55°),Atlantic (-50° to 0°),0,0
LBR,Liberia,Africa,Sub-Saharan Africa,Right,111370,5418377,800,2000,Monrovia,3070518100,6.428055,-9.429499,North,48.65,False,1,0,2.6M-6.0M,88.2K-206.5K km²,Micro (<$5B),$200-$1.6K,1-10K,44-72 /km²,1,0,Equatorial (-10° to 10°),Atlantic (-50° to 0°),0,0
SVK,Slovakia,Europe,Central Europe,Right,49037,5413813,-1,-1,Bratislava,-1,48.666667,19.5,North,110.4,True,1,8,2.6M-6.0M,28.8K-88.2K km²,Unknown,Unknown,Unknown,103-161 /km²,1,6-10,Temperate (40° to 55°),Europe/Africa (0° to 30°),0,0
NZL,New Zealand,Oceania,Australia And New Zealand,Left,267710,5223100,48528,9000,Wellington,206928765544,-40.900557,174.885971,South,19.51,False,5,3,2.6M-6.0M,206.5K-456.9K km²,Mid-Size ($100B-$500B),$32.6K-$128.3K,1-10K,19-44 /km²,3-5,3-5,Deep South (< -30°),Pacific (140°+),0,0
CRI,Costa Rica,Americas,Latin America And The Caribbean,Right,51100,5212173,16595,10000,San Jos������,61773944174,9.748917,-83.753428,North,102.0,False,1,4,2.6M-6.0M,28.8K-88.2K km²,Developing ($25B-$100B),$13.9K-$32.6K,1-10K,72-103 /km²,1,3-5,Equatorial (-10° to 10°),Americas (-100° to -50°),0,0
MRT,Mauritania,Africa,Sub-Saharan Africa,Right,1030700,4862989,2149,21000,Nouakchott,7593752450,21.00789,-10.940835,North,4.72,False,1,2,2.6M-6.0M,1.0M-17.1M km²,Small ($5B-$25B),$1.6K-$3.8K,10K-50K,2-19 /km²,1,1-2,Tropical (10° to 25°),Atlantic (-50° to 0°),0,0
OMN,Oman,Asia,Western Asia,Right,309500,4644384,23295,47000,Muscat,76983094928,21.4735329,55.975413,North,15.01,False,1,5,2.6M-6.0M,206.5K-456.9K km²,Developing ($25B-$100B),$13.9K-$32.6K,10K-50K,2-19 /km²,1,3-5,Tropical (10° to 25°),Middle East (30° to 60°),0,0
PAN,Panama,Americas,Latin America And The Caribbean,Right,75320,4468087,18662,26000,Panama City,66800800000,8.537981,-80.782127,North,59.32,False,1,5,2.6M-6.0M,28.8K-88.2K km²,Developing ($25B-$100B),$13.9K-$32.6K,10K-50K,44-72 /km²,1,3-5,Equatorial (-10° to 10°),Americas (-100° to -50°),0,0
KWT,Kuwait,Asia,Western Asia,Right,17820,4310108,37533,25000,Kuwait City,134761198946,29.31166,47.481766,North,241.87,False,1,0,2.6M-6.0M,2.8K-28.8K km²,Mid-Size ($100B-$500B),$32.6K-$128.3K,10K-50K,161-302 /km²,1,0,Subtropical (25° to 40°),Middle East (30° to 60°),0,0
HRV,Croatia,Europe,Southern Europe,Right,88070,3853200,21460,18000,Zagreb,60415553039,45.1,15.2,North,43.75,False,1,10,2.6M-6.0M,28.8K-88.2K km²,Developing ($25B-$100B),$13.9K-$32.6K,10K-50K,19-44 /km²,1,6-10,Temperate (40° to 55°),Europe/Africa (0° to 30°),0,0
GEO,Georgia,Asia,Western Asia,Right,69700,3760365,8120,26000,Tbilisi,17743195770,42.315407,43.356892,North,53.95,False,1,4,2.6M-6.0M,28.8K-88.2K km²,Small ($5B-$25B),$7.2K-$13.9K,10K-50K,44-72 /km²,1,3-5,Temperate (40° to 55°),Middle East (30° to 60°),0,0
ERI,Eritrea,Africa,Eastern Africa,Right,117600,3607000,-1,-1,Asmara,-1,15.0,39.0,North,30.67,False,1,1,2.6M-6.0M,88.2K-206.5K km²,Unknown,Unknown,Unknown,19-44 /km²,1,1-2,Tropical (10° to 25°),Middle East (30° to 60°),0,0
MNG,Mongolia,Asia,Eastern Asia,Right,1564116,3447157,5765,18000,Ulaanbaatar,13852850259,46.862496,103.846656,North,2.2,True,2,5,2.6M-6.0M,1.0M-17.1M km²,Small ($5B-$25B),$3.8K-$7.2K,10K-50K,2-19 /km²,2,3-5,Temperate (40° to 55°),East Asia (100° to 140°),0,0
URY,Uruguay,Americas,Latin America And The Caribbean,Right,176220,3423108,22565,22000,Montevideo,56045912952,-32.522779,-55.765835,South,19.43,False,1,3,2.6M-6.0M,88.2K-206.5K km²,Developing ($25B-$100B),$13.9K-$32.6K,10K-50K,2-19 /km²,1,3-5,Deep South (< -30°),Americas (-100° to -50°),0,0
BIH,Bosnia and Herzegovina,Europe,Southeast Europe,Right,51209,3422000,-1,-1,Sarajevo,-1,44.0,18.0,North,66.82,False,1,4,2.6M-6.0M,28.8K-88.2K km²,Unknown,Unknown,Unknown,44-72 /km²,1,3-5,Temperate (40° to 55°),Europe/Africa (0° to 30°),1,1984
QAT,Qatar,Asia,Western Asia,Right,11586,3173024,-1,-1,Doha,-1,25.5,51.25,North,273.87,False,1,1,2.6M-6.0M,2.8K-28.8K km²,Unknown,Unknown,Unknown,161-302 /km²,1,1-2,Subtropical (25° to 40°),Middle East (30° to 60°),0,0
LTU,Lithuania,Europe,Northern Europe,Right,65290,2871897,27103,34000,Vilnius,54219315600,55.169438,23.881275,North,43.99,False,1,4,2.6M-6.0M,28.8K-88.2K km²,Developing ($25B-$100B),$13.9K-$32.6K,10K-50K,19-44 /km²,1,3-5,Northern (55°+),Europe/Africa (0° to 30°),0,0
JAM,Jamaica,Americas,Latin America And The Caribbean,Left,10990,2825544,6874,4000,"Kingston, Jamaica",16458071068,18.109581,-77.297508,North,257.1,False,1,1,2.6M-6.0M,2.8K-28.8K km²,Small ($5B-$25B),$3.8K-$7.2K,1-10K,161-302 /km²,1,1-2,Tropical (10° to 25°),Americas (-100° to -50°),0,0
ARM,Armenia,Asia,Western Asia,Right,29740,2777970,8716,49000,Yerevan,13672802158,40.069099,45.038189,North,93.41,True,1,3,2.6M-6.0M,28.8K-88.2K km²,Small ($5B-$25B),$7.2K-$13.9K,10K-50K,72-103 /km²,1,3-5,Temperate (40° to 55°),Middle East (30° to 60°),0,0
ALB,Albania,Europe,Southern Europe,Right,28750,2745972,8368,9000,Tirana,15278077447,41.153332,20.168331,North,95.51,False,1,4,2.6M-6.0M,2.8K-28.8K km²,Small ($5B-$25B),$7.2K-$13.9K,1-10K,72-103 /km²,1,3-5,Temperate (40° to 55°),Europe/Africa (0° to 30°),0,0
BWA,Botswana,Africa,Sub-Saharan Africa,Left,581730,2675352,7250,9000,Gaborone,18340510789,-22.328474,24.684866,South,4.6,True,1,2,2.6M-6.0M,456.9K-1.0M km²,Small ($5B-$25B),$7.2K-$13.9K,1-10K,2-19 /km²,1,1-2,Southern (-30° to -10°),Europe/Africa (0° to 30°),0,0
NAM,Namibia,Africa,Sub-Saharan Africa,Left,824290,2604172,4743,16000,Windhoek,12366527719,-22.95764,18.49041,South,3.16,False,1,2,512.5K-2.6M,456.9K-1.0M km²,Small ($5B-$25B),$3.8K-$7.2K,10K-50K,2-19 /km²,1,1-2,Southern (-30° to -10°),Europe/Africa (0° to 30°),0,0
MDA,Moldova,Europe,Eastern Europe,Right,33850,2486891,6651,7000,Chi����,11955435457,47.411631,28.369885,North,73.47,True,1,1,512.5K-2.6M,28.8K-88.2K km²,Small ($5B-$25B),$3.8K-$7.2K,1-10K,72-103 /km²,1,1-2,Temperate (40° to 55°),Europe/Africa (0° to 30°),0,0
GAB,Gabon,Africa,Sub-Saharan Africa,Right,267670,2436566,8420,7000,Libreville,16657960228,-0.803689,11.609444,South,9.1,False,1,2,512.5K-2.6M,206.5K-456.9K km²,Small ($5B-$25B),$7.2K-$13.9K,1-10K,2-19 /km²,1,1-2,Equatorial (-10° to 10°),Europe/Africa (0° to 30°),0,0
GMB,Gambia,Africa,Western Africa,Right,10689,2422712,-1,-1,Banjul,-1,13.466667,-16.566667,North,226.65,False,1,2,512.5K-2.6M,2.8K-28.8K km²,Unknown,Unknown,Unknown,161-302 /km²,1,1-2,Tropical (10° to 25°),Atlantic (-50° to 0°),0,0
LSO,Lesotho,Africa,Sub-Saharan Africa,Left,30360,2330318,878,2000,Maseru,2460072444,-29.609988,28.233608,South,76.76,True,1,1,512.5K-2.6M,28.8K-88.2K km²,Micro (<$5B),$200-$1.6K,1-10K,72-103 /km²,1,1-2,Southern (-30° to -10°),Europe/Africa (0° to 30°),0,0
SVN,Slovenia,Europe,Southern Europe,Right,20480,2120937,32164,7000,Ljubljana,53742159517,46.151241,14.995463,North,103.56,False,1,5,512.5K-2.6M,2.8K-28.8K km²,Developing ($25B-$100B),$13.9K-$32.6K,1-10K,103-161 /km²,1,3-5,Temperate (40° to 55°),Europe/Africa (0° to 30°),0,0
LVA,Latvia,Europe,Northern Europe,Right,64590,1881750,23184,6000,Riga,34117202555,56.879635,24.603189,North,29.13,False,1,3,512.5K-2.6M,28.8K-88.2K km²,Developing ($25B-$100B),$13.9K-$32.6K,1-10K,19-44 /km²,1,3-5,Northern (55°+),Europe/Africa (0° to 30°),0,0
MKD,North Macedonia,Europe,Southeast Europe,Right,25713,1822612,-1,-1,Skopje,-1,41.833333,22.0,North,70.88,True,1,2,512.5K-2.6M,2.8K-28.8K km²,Unknown,Unknown,Unknown,44-72 /km²,1,1-2,Temperate (40° to 55°),Europe/Africa (0° to 30°),0,0
GNB,Guinea-Bissau,Africa,Western Africa,Right,36125,1781308,-1,-1,Bissau,-1,12.0,-15.0,North,49.31,False,1,0,512.5K-2.6M,28.8K-88.2K km²,Unknown,Unknown,Unknown,44-72 /km²,1,0,Tropical (10° to 25°),Atlantic (-50° to 0°),0,0
GNQ,Equatorial Guinea,Africa,Sub-Saharan Africa,Right,28050,1714671,7067,1000,Malabo,11026774945,1.650801,10.267895,North,61.13,False,1,0,512.5K-2.6M,2.8K-28.8K km²,Small ($5B-$25B),$3.8K-$7.2K,1-10K,44-72 /km²,1,0,Equatorial (-10° to 10°),Europe/Africa (0° to 30°),0,0
TTO,Trinidad and Tobago,Americas,Latin America And The Caribbean,Left,5130,1534937,18333,4000,Port of Spain,24100202834,10.691803,-61.222503,North,299.21,False,1,0,512.5K-2.6M,2.8K-28.8K km²,Small ($5B-$25B),$13.9K-$32.6K,1-10K,161-302 /km²,1,0,Tropical (10° to 25°),Americas (-100° to -50°),0,0
BHR,Bahrain,Asia,Western Asia,Right,790,1485509,29084,19000,Manama,38574069149,26.0667,50.5577,North,1880.39,False,1,3,512.5K-2.6M,0-2.8K km²,Developing ($25B-$100B),$13.9K-$32.6K,10K-50K,302-19.0K /km²,1,3-5,Subtropical (25° to 40°),Middle East (30° to 60°),0,0
TLS,Timor-Leste,Asia,South-Eastern Asia,Left,14874,1391221,-1,-1,Dili,-1,-8.833333,125.916667,South,93.53,False,1,0,512.5K-2.6M,2.8K-28.8K km²,Unknown,Unknown,Unknown,72-103 /km²,1,0,Equatorial (-10° to 10°),East Asia (100° to 140°),0,0
EST,Estonia,Europe,Northern Europe,Right,45340,1366188,29824,6000,Tallinn,31386949981,58.595272,25.013607,North,30.13,False,1,2,512.5K-2.6M,28.8K-88.2K km²,Developing ($25B-$100B),$13.9K-$32.6K,1-10K,19-44 /km²,1,1-2,Northern (55°+),Europe/Africa (0° to 30°),0,0
MUS,Mauritius,Africa,Sub-Saharan Africa,Left,2007,1261041,11417,3000,Port Louis,14180444557,-20.348404,57.552152,South,628.32,False,1,2,512.5K-2.6M,0-2.8K km²,Small ($5B-$25B),$7.2K-$13.9K,1-10K,302-19.0K /km²,1,1-2,Southern (-30° to -10°),Middle East (30° to 60°),0,0
CYP,Cyprus,Asia,Western Asia,Left,9250,1260138,34701,16000,Nicosia,24564647935,35.126413,33.429859,North,136.23,False,1,3,512.5K-2.6M,2.8K-28.8K km²,Small ($5B-$25B),$32.6K-$128.3K,10K-50K,103-161 /km²,1,3-5,Subtropical (25° to 40°),Middle East (30° to 60°),0,0
SWZ,Eswatini,Africa,Sub-Saharan Africa,Left,17360,1210822,3797,0,Mbabane,3791304348,-26.522503,31.465866,South,69.75,True,1,0,512.5K-2.6M,2.8K-28.8K km²,Micro (<$5B),$1.6K-$3.8K,No Standing Army,44-72 /km²,1,0,Southern (-30° to -10°),Middle East (30° to 60°),0,0
DJI,Djibouti,Africa,Sub-Saharan Africa,Right,23200,1136455,3606,13000,Djibouti City,3318716359,11.825138,42.590275,North,48.99,False,1,0,512.5K-2.6M,2.8K-28.8K km²,Micro (<$5B),$1.6K-$3.8K,10K-50K,44-72 /km²,1,0,Tropical (10° to 25°),Middle East (30° to 60°),0,0
FJI,Fiji,Oceania,Melanesia,Left,18270,936375,5868,4000,Suva,5535548972,-17.713371,178.065032,South,51.25,False,1,1,512.5K-2.6M,2.8K-28.8K km²,Small ($5B-$25B),$3.8K-$7.2K,1-10K,44-72 /km²,1,1-2,Southern (-30° to -10°),Pacific (140°+),0,0
COM,Comoros,Africa,Sub-Saharan Africa,Right,1861,852075,1587,0,"Moroni, Comoros",1185728677,-11.6455,43.3333,South,457.86,False,1,0,512.5K-2.6M,0-2.8K km²,Micro (<$5B),$200-$1.6K,No Standing Army,302-19.0K /km²,1,0,Southern (-30° to -10°),Middle East (30° to 60°),0,0
GUY,Guyana,Americas,Latin America And The Caribbean,Left,214970,813834,20626,3000,"Georgetown, Guyana",4280443645,4.860416,-58.93018,North,3.79,False,1,0,512.5K-2.6M,206.5K-456.9K km²,Micro (<$5B),$13.9K-$32.6K,1-10K,2-19 /km²,1,0,Equatorial (-10° to 10°),Americas (-100° to -50°),0,0
BTN,Bhutan,Asia,Southern Asia,Left,38394,784043,-1,-1,Thimphu,-1,27.5,90.5,North,20.42,True,1,0,512.5K-2.6M,28.8K-88.2K km²,Unknown,Unknown,Unknown,19-44 /km²,1,0,Subtropical (25° to 40°),Central Asia (60° to 100°),0,0
SLB,Solomon Islands,Oceania,Melanesia,Left,28900,740424,2203,0,Honiara,1425074226,-9.64571,160.156194,South,25.62,False,1,1,512.5K-2.6M,28.8K-88.2K km²,Micro (<$5B),$1.6K-$3.8K,No Standing Army,19-44 /km²,1,1-2,Equatorial (-10° to 10°),Pacific (140°+),0,0
LUX,Luxembourg,Europe,Western Europe,Right,2590,668606,128259,2000,Luxembourg City,71104919108,49.815273,6.129583,North,258.15,True,1,1,512.5K-2.6M,0-2.8K km²,Developing ($25B-$100B),$32.6K-$128.3K,1-10K,161-302 /km²,1,1-2,Temperate (40° to 55°),Europe/Africa (0° to 30°),0,0
SUR,Suriname,Americas,Latin America And The Caribbean,Left,163820,623236,6069,2000,Paramaribo,3985250737,3.919305,-56.027783,North,3.8,False,1,3,512.5K-2.6M,88.2K-206.5K km²,Micro (<$5B),$3.8K-$7.2K,1-10K,2-19 /km²,1,3-5,Equatorial (-10° to 10°),Americas (-100° to -50°),0,0
MNE,Montenegro,Europe,Southern Europe,Right,13810,616177,12017,12000,Podgorica,5494736901,42.708678,19.37439,North,44.62,False,1,4,512.5K-2.6M,2.8K-28.8K km²,Small ($5B-$25B),$7.2K-$13.9K,10K-50K,44-72 /km²,1,3-5,Temperate (40° to 55°),Europe/Africa (0° to 30°),0,0
MLT,Malta,Europe,Southern Europe,Left,320,553214,37882,2000,Valletta,14786156563,35.937496,14.375416,North,1728.79,False,1,3,512.5K-2.6M,0-2.8K km²,Small ($5B-$25B),$32.6K-$128.3K,1-10K,302-19.0K /km²,1,3-5,Subtropical (25° to 40°),Europe/Africa (0° to 30°),0,0
MDV,Maldives,Asia,Southern Asia,Left,300,521021,12667,5000,Mal�,5729248472,3.202778,73.22068,North,1736.74,False,1,0,512.5K-2.6M,0-2.8K km²,Small ($5B-$25B),$7.2K-$13.9K,1-10K,302-19.0K /km²,1,0,Equatorial (-10° to 10°),Central Asia (60° to 100°),0,0
CPV,Cape Verde,Africa,Western Africa,Right,4033,491233,-1,-1,Praia,-1,16.5388,-23.0418,North,121.8,False,1,1,882-512.5K,2.8K-28.8K km²,Unknown,Unknown,Unknown,103-161 /km²,1,1-2,Tropical (10° to 25°),Atlantic (-50° to 0°),0,0
BRN,Brunei,Asia,South-Eastern Asia,Left,5765,455500,-1,-1,Bandar Seri Begawan,-1,4.5,114.666667,North,79.01,False,1,0,882-512.5K,2.8K-28.8K km²,Unknown,Unknown,Unknown,72-103 /km²,1,0,Equatorial (-10° to 10°),East Asia (100° to 140°),0,0
BLZ,Belize,Americas,Latin America And The Caribbean,Right,22970,410825,7988,2000,Belmopan,1879613600,17.189877,-88.49765,North,17.89,False,1,1,882-512.5K,2.8K-28.8K km²,Micro (<$5B),$7.2K-$13.9K,1-10K,2-19 /km²,1,1-2,Tropical (10° to 25°),Americas (-100° to -50°),0,0
BHS,Bahamas,Americas,Caribbean,Left,13943,398165,-1,-1,Nassau,-1,25.0343,-77.3963,North,28.56,False,1,0,882-512.5K,2.8K-28.8K km²,Unknown,Unknown,Unknown,19-44 /km²,1,0,Subtropical (25° to 40°),Americas (-100° to -50°),0,0
ISL,Iceland,Europe,Northern Europe,Right,103000,393600,78811,0,Reykjav��,24188035739,64.963051,-19.020835,North,3.82,False,1,3,882-512.5K,88.2K-206.5K km²,Small ($5B-$25B),$32.6K-$128.3K,No Standing Army,2-19 /km²,1,3-5,Northern (55°+),Atlantic (-50° to 0°),0,0
VUT,Vanuatu,Oceania,Melanesia,Right,12190,334506,3367,0,Port Vila,917058851,-15.376706,166.959158,South,27.44,False,1,1,882-512.5K,2.8K-28.8K km²,Micro (<$5B),$1.6K-$3.8K,No Standing Army,19-44 /km²,1,1-2,Southern (-30° to -10°),Pacific (140°+),0,0
BRB,Barbados,Americas,Latin America And The Caribbean,Left,430,281995,22673,1000,Bridgetown,5209000000,13.193887,-59.543198,North,655.8,False,1,1,882-512.5K,0-2.8K km²,Small ($5B-$25B),$13.9K-$32.6K,1-10K,302-19.0K /km²,1,1-2,Tropical (10° to 25°),Americas (-100° to -50°),0,0
WSM,Samoa,Oceania,Polynesia,Left,2840,225681,4139,0,Apia,850655017,-13.759029,-172.104629,South,79.47,False,1,0,882-512.5K,2.8K-28.8K km²,Micro (<$5B),$3.8K-$7.2K,No Standing Army,72-103 /km²,1,0,Southern (-30° to -10°),Far West (< -100°),0,0
STP,São Tomé and Príncipe,Africa,Middle Africa,Right,964,209607,-1,-1,São Tomé,-1,1.0,7.0,North,217.43,False,1,0,882-512.5K,0-2.8K km²,Unknown,Unknown,Unknown,161-302 /km²,1,0,Equatorial (-10° to 10°),Europe/Africa (0° to 30°),0,0
LCA,Saint Lucia,Americas,Caribbean,Left,616,184100,-1,-1,Castries,-1,13.883333,-60.966667,North,298.86,False,1,1,882-512.5K,0-2.8K km²,Unknown,Unknown,Unknown,161-302 /km²,1,1-2,Tropical (10° to 25°),Americas (-100° to -50°),0,0
KIR,Kiribati,Oceania,Micronesia,Left,810,133515,2090,0,South Tarawa,194647202,1.8368976,-157.3768317,North,164.83,False,3,1,882-512.5K,0-2.8K km²,Micro (<$5B),$1.6K-$3.8K,No Standing Army,161-302 /km²,3-5,1-2,Equatorial (-10° to 10°),Far West (< -100°),0,0
GRD,Grenada,Americas,Latin America And The Caribbean,Left,340,126183,10464,0,"St. George's, Grenada",1228170370,12.1165,-61.679,North,371.13,False,1,0,882-512.5K,0-2.8K km²,Micro (<$5B),$7.2K-$13.9K,No Standing Army,302-19.0K /km²,1,0,Tropical (10° to 25°),Americas (-100° to -50°),0,0
SYC,Seychelles,Africa,Sub-Saharan Africa,Left,460,119773,17879,0,"Victoria, Seychelles",1698843063,-4.679574,55.491977,South,260.38,False,1,2,882-512.5K,0-2.8K km²,Micro (<$5B),$13.9K-$32.6K,No Standing Army,161-302 /km²,1,1-2,Equatorial (-10° to 10°),Middle East (30° to 60°),0,0
VCT,Saint Vincent and the Grenadines,Americas,Caribbean,Left,389,110872,-1,-1,Kingstown,-1,13.25,-61.2,North,285.02,False,1,0,882-512.5K,0-2.8K km²,Unknown,Unknown,Unknown,161-302 /km²,1,0,Tropical (10° to 25°),Americas (-100° to -50°),0,0
FSM,Micronesia,Oceania,Micronesia,Right,702,105564,-1,-1,Palikir,-1,6.916667,158.25,North,150.38,False,2,1,882-512.5K,0-2.8K km²,Unknown,Unknown,Unknown,103-161 /km²,2,1-2,Equatorial (-10° to 10°),Pacific (140°+),0,0
TON,Tonga,Oceania,Polynesia,Left,747,100179,-1,-1,Nuku'alofa,-1,-20.0,-175.0,South,134.11,False,1,0,882-512.5K,0-2.8K km²,Unknown,Unknown,Unknown,103-161 /km²,1,0,Southern (-30° to -10°),Far West (< -100°),0,0
ATG,Antigua and Barbuda,Americas,Latin America And The Caribbean,Left,440,94298,21560,0,"St. John's, Saint John",1727759259,17.060816,-61.796428,North,214.31,False,1,1,882-512.5K,0-2.8K km²,Micro (<$5B),$13.9K-$32.6K,No Standing Army,161-302 /km²,1,1-2,Tropical (10° to 25°),Americas (-100° to -50°),0,0
AND,Andorra,Europe,Southern Europe,Right,470,80088,46545,0,Andorra la Vella,3154057987,42.506285,1.521801,North,170.4,True,1,1,882-512.5K,0-2.8K km²,Micro (<$5B),$32.6K-$128.3K,No Standing Army,161-302 /km²,1,1-2,Temperate (40° to 55°),Europe/Africa (0° to 30°),0,0
DMA,Dominica,Americas,Latin America And The Caribbean,Left,750,73040,8954,0,Roseau,596033333,15.414999,-61.370976,North,97.39,False,1,1,882-512.5K,0-2.8K km²,Micro (<$5B),$7.2K-$13.9K,No Standing Army,72-103 /km²,1,1-2,Tropical (10° to 25°),Americas (-100° to -50°),0,0
KNA,Saint Kitts and Nevis,Americas,Caribbean,Left,261,51320,-1,-1,Basseterre,-1,17.333333,-62.75,North,196.63,False,1,1,882-512.5K,0-2.8K km²,Unknown,Unknown,Unknown,161-302 /km²,1,1-2,Tropical (10° to 25°),Americas (-100° to -50°),0,0
MHL,Marshall Islands,Oceania,Micronesia,Right,180,41996,6763,0,Majuro,221278000,7.131474,171.184478,North,233.31,False,1,1,882-512.5K,0-2.8K km²,Micro (<$5B),$3.8K-$7.2K,No Standing Army,161-302 /km²,1,1-2,Equatorial (-10° to 10°),Pacific (140°+),0,0
LIE,Liechtenstein,Europe,Western Europe,Right,160,40900,-1,-1,Vaduz,-1,47.266667,9.533333,North,255.62,True,1,0,882-512.5K,0-2.8K km²,Unknown,Unknown,Unknown,161-302 /km²,1,0,Temperate (40° to 55°),Europe/Africa (0° to 30°),0,0
MCO,Monaco,Europe,Western Europe,Right,2,38423,-1,-1,Monaco,-1,43.733333,7.4,North,19021.29,False,1,0,882-512.5K,0-2.8K km²,Unknown,Unknown,Unknown,302-19.0K /km²,1,0,Temperate (40° to 55°),Europe/Africa (0° to 30°),0,0
SMR,San Marino,Europe,Southern Europe,Right,61,34132,-1,-1,City of San Marino,-1,43.766667,12.416667,North,559.54,True,1,1,882-512.5K,0-2.8K km²,Unknown,Unknown,Unknown,302-19.0K /km²,1,1-2,Temperate (40° to 55°),Europe/Africa (0° to 30°),0,0
PLW,Palau,Oceania,Micronesia,Right,460,18058,14565,0,Ngerulmud,283994900,7.51498,134.58252,North,39.26,False,1,1,882-512.5K,0-2.8K km²,Micro (<$5B),$13.9K-$32.6K,No Standing Army,19-44 /km²,1,1-2,Equatorial (-10° to 10°),East Asia (100° to 140°),0,0
NRU,Nauru,Oceania,Micronesia,Left,20,12780,12060,0,Yaren District,133000000,-0.522778,166.931503,South,639.0,False,1,0,882-512.5K,0-2.8K km²,Micro (<$5B),$7.2K-$13.9K,No Standing Army,302-19.0K /km²,1,0,Equatorial (-10° to 10°),Pacific (140°+),0,0
TUV,Tuvalu,Oceania,Polynesia,Left,30,11396,5465,0,Funafuti,47271463,-7.109535,177.64933,South,379.87,False,1,0,882-512.5K,0-2.8K km²,Micro (<$5B),$3.8K-$7.2K,No Standing Army,302-19.0K /km²,1,0,Equatorial (-10° to 10°),Pacific (140°+),0,0
VAT,Vatican City,Europe,Southern Europe,Right,0,882,-1,-1,Vatican City,-1,41.9,12.45,North,1800.0,True,1,2,882-512.5K,0-2.8K km²,Unknown,Unknown,Unknown,302-19.0K /km²,1,1-2,Temperate (40° to 55°),Europe/Africa (0° to 30°),0,0
