id,Title,Year,Year_category,duration_mins,duration_mins_category,Genre,Credits,imdbRating,imdbRating_category,imdbID,Production,box_office,box_office_category,mpaa_rating,source_material,oscars_won,title_word_count
12,Star Wars: The Empire Strikes Back,1980,New Hollywood,124,Long,"Action, Adventure, Fantasy","Irvin Kershner, Leigh Brackett, Lawrence Kasdan, George Lucas, Mark Hamill, Harrison Ford, Carrie Fisher, Billy Dee Williams",8.8,Masterpiece,tt0080684,20th Century Fox,538375067.0,Mega-Hit,PG,Original Screenplay,2,6
18,Star Wars: A New Hope,1977,New Hollywood,121,Long,"Action, Adventure, Fantasy","George Lucas, Mark Hamill, Harrison Ford, Carrie Fisher, Peter Cushing",8.7,Masterpiece,tt0076759,20th Century Fox,775398007.0,Mega-Hit,PG,Original Screenplay,7,5
23,Léon: The Professional,1994,Blockbuster Era,110,Standard,"Crime, Drama, Thriller","Luc Besson, Jean Reno, Gary Oldman, Natalie Portman, Danny Aiello",8.6,Masterpiece,tt0110413,Sony Pictures,19552639.0,Modest,R,Original Screenplay,0,3
25,City Lights,1931,Silent/Pre-War,87,Short,"Comedy, Drama, Romance","Charles Chaplin, Virginia Cherrill, Florence Lee, Harry Myers, Al Ernest Garcia",8.6,Masterpiece,tt0021749,20th Century Fox,50000.0,Indie,G,Original Screenplay,0,2
34,Rear Window,1954,Golden Age,112,Standard,"Mystery, Thriller","Alfred Hitchcock, John Michael Hayes, Cornell Woolrich, James Stewart, Grace Kelly, Wendell Corey, Thelma Ritter",8.5,Masterpiece,tt0047396,Paramount Pictures,36764313.0,Moderate,PG,Novel,0,2
44,The Great Dictator,1940,Silent/Pre-War,125,Long,"Comedy, Drama, War","Charles Chaplin, Jack Oakie, Reginald Gardiner, Henry Daniell",8.5,Masterpiece,tt0032553,Criterion Collection,11000000.0,Modest,Not Rated,Original Screenplay,0,3
45,Sunset Boulevard,1950,Silent/Pre-War,110,Standard,"Drama, Film-Noir","Billy Wilder, Charles Brackett, D.M. Marshman Jr., William Holden, Gloria Swanson, Erich von Stroheim, Nancy Olson",8.5,Masterpiece,tt0043014,Paramount Pictures,5000000.0,Indie,Not Rated,Original Screenplay,3,2
48,Paths of Glory,1957,Golden Age,88,Short,"Drama, War","Stanley Kubrick, Calder Willingham, Jim Thompson, Humphrey Cobb, Kirk Douglas, Ralph Meeker, Adolphe Menjou, George Macready",8.5,Masterpiece,tt0050825,United Artists,1200000.0,Indie,Not Rated,Novel,0,3
51,Witness for the Prosecution,1957,Golden Age,116,Standard,"Crime, Drama, Mystery","Billy Wilder, Agatha Christie, Harry Kurnitz, Lawrence B. Marcus, Tyrone Power, Marlene Dietrich, Charles Laughton, Elsa Lanchester",8.4,Excellent,tt0051201,MGM,9000000.0,Modest,Not Rated,Play,0,4
57,Citizen Kane,1941,Silent/Pre-War,119,Long,"Drama, Mystery","Orson Welles, Herman J. Mankiewicz, Joseph Cotten, Dorothy Comingore, Agnes Moorehead, Ruth Warrick",8.4,Excellent,tt0033467,RKO Radio Pictures,23218000.0,Modest,PG,Original Screenplay,1,2
58,North by Northwest,1959,Golden Age,136,Extended,"Action, Adventure, Mystery","Alfred Hitchcock, Ernest Lehman, Cary Grant, Eva Marie Saint, James Mason, Jessie Royce Landis",8.4,Excellent,tt0053125,Warner Bros.,13275000.0,Modest,G,Original Screenplay,0,3
59,Vertigo,1958,Golden Age,128,Long,"Mystery, Romance, Thriller","Alfred Hitchcock, Alec Coppel, Samuel A. Taylor, Pierre Boileau, Thomas Narcejac, James Stewart, Kim Novak, Barbara Bel Geddes, Tom Helmore",8.4,Excellent,tt0052357,Paramount Pictures,7808900.0,Indie,PG,Novel,0,1
60,Star Wars: Return of the Jedi,1983,New Hollywood,131,Long,"Action, Adventure, Fantasy","Richard Marquand, Lawrence Kasdan, George Lucas, Mark Hamill, Harrison Ford, Carrie Fisher, Billy Dee Williams",8.4,Excellent,tt0086190,20th Century Fox,572700000.0,Mega-Hit,PG,Original Screenplay,1,6
63,Double Indemnity,1944,Silent/Pre-War,107,Standard,"Crime, Drama, Film-Noir","Billy Wilder, Raymond Chandler, James M. Cain, Fred MacMurray, Barbara Stanwyck, Edward G. Robinson, Porter Hall",8.3,Excellent,tt0036775,Paramount Pictures,2500000.0,Indie,Not Rated,Novel,0,2
67,A Clockwork Orange,1971,Golden Age,136,Extended,"Crime, Drama, Sci-Fi","Stanley Kubrick, Anthony Burgess, Malcolm McDowell, Patrick Magee, Michael Bates, Warren Clarke",8.3,Excellent,tt0066921,Warner Bros.,27033812.0,Modest,NC-17,Novel,0,3
76,Full Metal Jacket,1987,Blockbuster Era,116,Standard,"Drama, War","Stanley Kubrick, Gustav Hasford, Michael Herr, Matthew Modine, Adam Baldwin, Vincent D'Onofrio, R. Lee Ermey",8.3,Excellent,tt0093058,Warner Bros.,46357676.0,Moderate,R,Novel,0,3
77,Baby Driver,2017,Contemporary,113,Standard,"Action, Crime, Music","Edgar Wright, Ansel Elgort, Jon Bernthal, Jon Hamm, Eiza González",8.5,Masterpiece,tt3890160,Sony Pictures,226945087.0,Hit,R,Original Screenplay,3,2
82,All About Eve,1950,Silent/Pre-War,138,Extended,Drama,"Joseph L. Mankiewicz, Bette Davis, Anne Baxter, George Sanders, Celeste Holm",8.3,Excellent,tt0042192,20th Century Fox,8402553.0,Indie,PG,Play,6,3
87,The Treasure of the Sierra Madre,1948,Silent/Pre-War,126,Long,"Adventure, Drama, Western","John Huston, B. Traven, Humphrey Bogart, Walter Huston, Tim Holt, Bruce Bennett",8.3,Excellent,tt0040897,Warner Bros.,4307000.0,Indie,Not Rated,Novel,3,6
92,The Third Man,1949,Silent/Pre-War,93,Short,"Film-Noir, Mystery, Thriller","Carol Reed, Graham Greene, Joseph Cotten, Alida Valli, Orson Welles, Trevor Howard",8.3,Excellent,tt0041959,Rialto Pictures,1226098.0,Indie,Not Rated,Novel,0,3
97,Heat,1995,Blockbuster Era,170,Epic,"Action, Crime, Drama","Michael Mann, Al Pacino, Robert De Niro, Val Kilmer, Jon Voight",8.2,Great,tt0113277,Warner Bros.,187400000.0,Hit,R,Remake,0,1
99,The Gold Rush,1925,Silent/Pre-War,95,Short,"Adventure, Comedy, Drama","Charles Chaplin, Mack Swain, Tom Murray, Henry Bergman",8.2,Great,tt0015864,Janus Films,4000000.0,Indie,Not Rated,Original Screenplay,0,3
100,Chinatown,1974,New Hollywood,130,Long,"Drama, Mystery, Thriller","Roman Polanski, Robert Towne, Jack Nicholson, Faye Dunaway, John Huston, Perry Lopez",8.2,Great,tt0071315,Paramount Pictures,30000000.0,Modest,R,Original Screenplay,1,1
103,The General,1926,Silent/Pre-War,67,Short,"Action, Adventure, Comedy","Clyde Bruckman, Buster Keaton, Al Boasberg, Charles Henry Smith, Marion Mack, Glen Cavender, Jim Farley",8.2,Great,tt0017925,United Artists,1000000.0,Indie,Not Rated,Real Event,0,2
107,La La Land,2016,Contemporary,128,Long,"Comedy, Drama, Music","Damien Chazelle, Ryan Gosling, Emma Stone, Amiée Conn, Terry Walters",8.2,Great,tt3783958,Lionsgate,509183536.0,Blockbuster,PG-13,Original Screenplay,6,3
108,Logan,2017,Contemporary,137,Extended,"Action, Drama, Sci-Fi","James Mangold, Scott Frank, Michael Green, Hugh Jackman, Patrick Stewart, Dafne Keen, Boyd Holbrook",8.3,Excellent,tt3315342,20th Century Fox,619021436.0,Mega-Hit,R,Comic Book,0,1
117,Dial M for Murder,1954,Golden Age,105,Standard,"Crime, Film-Noir, Thriller","Alfred Hitchcock, Frederick Knott, Ray Milland, Grace Kelly, Robert Cummings, John Williams",8.2,Great,tt0046912,Warner Bros.,3000000.0,Indie,Not Rated,Play,0,4
118,Hacksaw Ridge,2016,Contemporary,139,Extended,"Biography, Drama, History","Mel Gibson, Robert Schenkkan, Andrew Knight, Andrew Garfield, Richard Pyros, Jacob Warner, Milo Gibson",8.2,Great,tt2119532,Lionsgate,175302354.0,Hit,R,Real Event,2,2
120,The Message,1976,New Hollywood,177,Epic,"Adventure, Biography, Drama","Moustapha Akkad, H.A.L. Craig, Tewfik El-Hakim, A.B. Jawdat El-Sahhar, A.B. Rahman El-Sharkawi, Mohammad Ali Maher, Anthony Quinn, Irene Papas, Michael Ansara, Johnny Sekka",8.3,Excellent,tt0074896,Anchor Bay Entertainment,15000000.0,Modest,PG,Real Event,0,2
124,Cool Hand Luke,1967,Golden Age,126,Long,"Crime, Drama","Stuart Rosenberg, Donn Pearce, Frank Pierson, Paul Newman, George Kennedy, J.D. Cannon, Lou Antonio",8.2,Great,tt0061512,Warner Bros.,16217773.0,Modest,PG,Novel,1,3
129,Fargo,1996,Blockbuster Era,98,Short,"Crime, Drama, Thriller","Joel Coen, Ethan Coen, William H. Macy, Steve Buscemi, Peter Stormare, Kristin Rudrüd",8.1,Very Good,tt0116282,MGM,60611975.0,Moderate,R,Original Screenplay,2,1
132,Mary and Max,2009,21st Century,92,Short,"Animation, Comedy, Drama","Adam Elliot, Toni Collette, Philip Seymour Hoffman, Barry Humphries, Eric Bana",8.2,Great,tt0978762,IFC Films,1740429.0,Indie,Not Rated,Original Screenplay,0,3
139,Life of Brian,1979,New Hollywood,94,Short,Comedy,"Terry Jones, Graham Chapman, John Cleese, Terry Gilliam, Eric Idle, Michael Palin",8.1,Very Good,tt0079470,Warner Bros.,20833252.0,Modest,R,Original Screenplay,0,3
142,In the Name of the Father,1993,Blockbuster Era,133,Extended,"Biography, Drama","Jim Sheridan, Gerry Conlon, Terry George, Alison Crosbie, Daniel Day-Lewis, Philip King, Emma Thompson",8.1,Very Good,tt0107207,Universal Pictures,65796862.0,Moderate,R,Real Event,1,6
146,Song of the Sea,2014,21st Century,93,Short,"Animation, Adventure, Family","Tomm Moore, Will Collins, David Rawle, Brendan Gleeson, Lisa Hannigan, Fionnula Flanagan",8.1,Very Good,tt1865505,GKIDS,857522.0,Indie,PG,Original Screenplay,0,4
150,Kind Hearts and Coronets,1949,Silent/Pre-War,106,Standard,"Comedy, Crime","Robert Hamer, Roy Horniman, John Dighton, Dennis Price, Valerie Hobson, Joan Greenwood, Alec Guinness",8.1,Very Good,tt0041546,Ealing Studios,,,Not Rated,Novel,0,4
151,The Maltese Falcon,1941,Silent/Pre-War,100,Short,"Film-Noir, Mystery","John Huston, Dashiell Hammett, Humphrey Bogart, Mary Astor, Gladys George, Peter Lorre",8.1,Very Good,tt0033870,Warner Bros.,1772000.0,Indie,Not Rated,Novel,0,3
153,The Legend of 1900,1998,Blockbuster Era,165,Epic,"Drama, Music, Romance","Giuseppe Tornatore, Alessandro Baricco, Tim Roth, Pruitt Taylor Vince, Bill Nunn, Clarence Williams III",8.1,Very Good,tt0120731,Fine Line Features,21057208.0,Modest,R,Novel,0,4
155,Brief Encounter,1945,Silent/Pre-War,86,Short,"Drama, Romance","David Lean, , Celia Johnson, Trevor Howard, Stanley Holloway, Joyce Carey",8.1,Very Good,tt0037558,Universal Pictures,,,Not Rated,Play,0,2
157,The Grapes of Wrath,1940,Silent/Pre-War,129,Long,"Drama, History","John Ford, Nunnally Johnson, John Steinbeck, Henry Fonda, Jane Darwell, John Carradine, Charley Grapewin",8.1,Very Good,tt0032551,20th Century Fox,1591000.0,Indie,Not Rated,Novel,2,4
162,What Ever Happened to Baby Jane?,1962,Golden Age,134,Extended,"Drama, Horror, Thriller","Robert Aldrich, Henry Farrell, Lukas Heller, Bette Davis, Joan Crawford, Victor Buono, Wesley Addy",8.1,Very Good,tt0056687,Warner Bros.,,,Not Rated,Novel,1,6
165,Touch of Evil,1958,Golden Age,95,Short,"Crime, Drama, Film-Noir","Orson Welles, Whit Masterson, Charlton Heston, Janet Leigh, Joseph Calleia",8.1,Very Good,tt0052311,October Films,2247500.0,Indie,Not Rated,Novel,0,3
166,Spider-Man: Homecoming,2017,Contemporary,133,Extended,"Action, Adventure, Sci-Fi","Jon Watts, Jonathan Goldstein, John Francis Daley, Christopher Ford, Chris McKenna, Erik Sommers, Stan Lee, Steve Ditko, Joe Simon, Jack Kirby, Tom Holland, Michael Keaton, Robert Downey Jr., Marisa Tomei",8.1,Very Good,tt2250912,Sony Pictures,880978185.0,Mega-Hit,PG-13,Comic Book,0,2
169,Harry Potter and the Deathly Hallows: Part 2,2011,21st Century,130,Long,"Adventure, Drama, Fantasy","David Yates, Steve Kloves, J.K. Rowling, Ralph Fiennes, Michael Gambon, Alan Rickman, Daniel Radcliffe",8.1,Very Good,tt1201607,Warner Bros.,1341511219.0,Mega-Hit,PG-13,Novel,0,8
170,Star Wars: The Force Awakens,2015,21st Century,136,Extended,"Action, Adventure, Fantasy","J.J. Abrams, Lawrence Kasdan, Michael Arndt, George Lucas, Harrison Ford, Mark Hamill, Carrie Fisher, Adam Driver",8.1,Very Good,tt2488496,Disney,2068223624.0,Mega-Hit,PG-13,Original Screenplay,0,5
171,"Paris, Texas",1984,New Hollywood,145,Extended,Drama,"Wim Wenders, L.M. Kit Carson, Sam Shepard, Harry Dean Stanton, Sam Berry, Bernhard Wicki, Dean Stockwell",8.1,Very Good,tt0087884,20th Century Fox,2181987.0,Indie,R,Original Screenplay,0,2
172,The Last Picture Show,1971,Golden Age,118,Standard,Drama,"Peter Bogdanovich, Larry McMurtry, Timothy Bottoms, Jeff Bridges, Cybill Shepherd, Ben Johnson",8.1,Very Good,tt0067328,Sony Pictures,29133000.0,Modest,R,Novel,2,4
181,Laura,1944,Silent/Pre-War,88,Short,"Drama, Film-Noir, Mystery","Otto Preminger, Vera Caspary, Jay Dratler, Samuel Hoffenstein, Elizabeth Reinhardt, Gene Tierney, Dana Andrews, Clifton Webb, Vincent Price",8.1,Very Good,tt0037008,20th Century Fox,2000000.0,Indie,Not Rated,Novel,1,1
186,Sleuth,1972,Golden Age,138,Extended,"Mystery, Thriller","Joseph L. Mankiewicz, Anthony Shaffer, Laurence Olivier, Michael Caine, Alec Cawthorne, John Matthews",8.1,Very Good,tt0069281,20th Century Fox,5750000.0,Indie,PG,Play,0,1
187,Roman Holiday,1953,Silent/Pre-War,118,Standard,"Comedy, Romance","William Wyler, Ian McLellan Hunter, John Dighton, Dalton Trumbo, Gregory Peck, Audrey Hepburn, Eddie Albert, Hartley Power",8.1,Very Good,tt0046250,Paramount Pictures,12000000.0,Modest,G,Original Screenplay,3,2
188,Out of the Past,1947,Silent/Pre-War,97,Short,"Crime, Drama, Film-Noir","Jacques Tourneur, Daniel Mainwaring, Robert Mitchum, Jane Greer, Kirk Douglas, Rhonda Fleming",8.1,Very Good,tt0039689,Warner Bros.,,,Not Rated,Novel,0,4
189,Anatomy of a Murder,1959,Golden Age,160,Epic,"Crime, Drama, Mystery","Otto Preminger, Wendell Mayes, John D. Voelker, James Stewart, Lee Remick, Ben Gazzara, Arthur O'Connell",8.1,Very Good,tt0052561,Sony Pictures,8000000.0,Indie,Not Rated,Novel,0,4
190,Who's Afraid of Virginia Woolf?,1966,Golden Age,131,Long,Drama,"Mike Nichols, Ernest Lehman, Elizabeth Taylor, Richard Burton, George Segal, Sandy Dennis",8.1,Very Good,tt0061184,Warner Bros.,33736689.0,Moderate,Not Rated,Play,5,5
194,Strangers on a Train,1951,Silent/Pre-War,101,Short,"Crime, Film-Noir, Thriller","Alfred Hitchcock, Raymond Chandler, Czenzi Ormonde, Whitfield Cook, Patricia Highsmith, Farley Granger, Ruth Roman, Robert Walker, Leo G. Carroll",8.0,Good,tt0044079,Warner Bros.,7000000.0,Indie,Not Rated,Novel,0,4
195,The Night of the Hunter,1955,Golden Age,92,Short,"Crime, Drama, Film-Noir","Charles Laughton, James Agee, Davis Grubb, Robert Mitchum, Shelley Winters, Lillian Gish, James Gleason",8.0,Good,tt0048424,United Artists,,,Not Rated,Novel,0,5
196,All Quiet on the Western Front,1930,Silent/Pre-War,136,Extended,"Drama, War","Lewis Milestone, Erich Maria Remarque, Maxwell Anderson, George Abbott, Del Andrews, C. Gardner Sullivan, Louis Wolheim, Lew Ayres, John Wray, Arnold Lucy",8.1,Very Good,tt0020629,Universal Pictures,3270000.0,Indie,Not Rated,Novel,2,6
197,Beauty and the Beast,1991,Blockbuster Era,84,Short,"Animation, Family, Fantasy","Gary Trousdale, Kirk Wise, Linda Woolverton, Brenda Chapman, Chris Sanders, Burny Mattinson, Kevin Harkey, Brian Pimental, Bruce Woodside, Joe Ranft, Tom Ellery, Kelly Asbury, Robert Lence, Robby Benson, Jesse Corti, Rex Everhart, Angela Lansbury",8.0,Good,tt0101414,Disney,424967620.0,Blockbuster,G,Novel,2,4
198,Lion,2016,Contemporary,118,Standard,"Biography, Drama","Garth Davis, Saroo Brierley, Luke Davies, Sunny Pawar, Abhishek Bharate, Priyanka Bose, Khushi Solanki",8.1,Very Good,tt3741834,See-Saw Films,140312928.0,Hit,PG-13,Novel,0,1
199,Twelve Monkeys,1995,Blockbuster Era,129,Long,"Mystery, Sci-Fi, Thriller","Terry Gilliam, Chris Marker, David Webb Peoples, Janet Peoples, Joseph Melito, Bruce Willis, Jon Seda, Michael Chance",8.0,Good,tt0114746,Universal Pictures,168841459.0,Hit,R,Remake,0,2
201,Dog Day Afternoon,1975,New Hollywood,125,Long,"Biography, Crime, Drama","Sidney Lumet, Frank Pierson, P.F. Kluge, Thomas Moore, Penelope Allen, Sully Boyar, John Cazale, Beulah Garrick",8.0,Good,tt0072890,Warner Bros.,56665856.0,Moderate,R,Real Event,0,3
203,Zootopia,2016,Contemporary,108,Standard,"Animation, Adventure, Comedy","Jared Bush, Byron Howard, Rich Moore, Jim Reardon, Josie Trinidad, Phil Johnston, Jennifer Lee, Ginnifer Goodwin, Jason Bateman, Idris Elba, Jenny Slate",8.1,Very Good,tt2948356,Disney,1025521689.0,Mega-Hit,PG,Original Screenplay,1,1
204,Guardians of the Galaxy Vol. 2,2017,Contemporary,136,Extended,"Action, Adventure, Sci-Fi","James Gunn, Dan Abnett, Andy Lanning, Steve Englehart, Steve Gan, Jim Starlin, Stan Lee, Larry Lieber, Jack Kirby, Bill Mantlo, Keith Giffen, Steve Gerber, Val Mayerik, Chris Pratt, Zoe Saldana, Dave Bautista, Vin Diesel",8.1,Very Good,tt3896198,Disney,863756051.0,Mega-Hit,PG-13,Comic Book,0,6
209,Stalag 17,1953,Silent/Pre-War,120,Long,"Drama, War","Billy Wilder, Edwin Blum, Donald Bevan, Edmund Trzcinski, William Holden, Don Taylor, Otto Preminger, Robert Strauss",8.0,Good,tt0046359,Paramount Pictures,10000000.0,Modest,Not Rated,Play,1,2
210,Dogville,2003,Modern Classic,178,Epic,"Crime, Drama","Lars von Trier, Nicole Kidman, Harriet Andersson, Lauren Bacall, Jean-Marc Barr",8.0,Good,tt0276919,Lionsgate,16690617.0,Modest,R,Original Screenplay,0,1
213,Papillon,1973,New Hollywood,151,Epic,"Biography, Crime, Drama","Franklin J. Schaffner, Dalton Trumbo, Lorenzo Semple Jr., Henri Charrière, Steve McQueen, Dustin Hoffman, Victor Jory, Don Gordon",8.0,Good,tt0070511,20th Century Fox,53267000.0,Moderate,PG,Novel,0,1
215,Arsenic and Old Lace,1944,Silent/Pre-War,118,Standard,"Comedy, Crime, Thriller","Frank Capra, Julius J. Epstein, Philip G. Epstein, Joseph Kesselring, Cary Grant, Priscilla Lane, Raymond Massey, Jack Carson",8.0,Good,tt0036613,Warner Bros.,,,Not Rated,Play,0,4
218,A Night at the Opera,1935,Silent/Pre-War,96,Short,"Comedy, Music, Musical","Sam Wood, Edmund Goulding, George S. Kaufman, Morrie Ryskind, James Kevin McGuinness, Groucho Marx, Chico Marx, Harpo Marx, Kitty Carlisle",8.1,Very Good,tt0026778,MGM,,,Not Rated,Original Screenplay,0,5
219,The Killing,1956,Golden Age,85,Short,"Crime, Drama, Film-Noir","Stanley Kubrick, Jim Thompson, Lionel White, Sterling Hayden, Coleen Gray, Vince Edwards, Jay C. Flippen",8.0,Good,tt0049406,United Artists,,,Not Rated,Novel,0,2
221,Notorious,1946,Silent/Pre-War,101,Short,"Drama, Film-Noir, Romance","Alfred Hitchcock, Ben Hecht, Cary Grant, Ingrid Bergman, Claude Rains, Louis Calhern",8.0,Good,tt0038787,RKO Radio Pictures,24500000.0,Modest,Not Rated,Original Screenplay,0,1
222,Harvey,1950,Silent/Pre-War,104,Standard,"Comedy, Drama, Fantasy","Henry Koster, Mary Chase, Oscar Brodney, Wallace Ford, William H. Lynn, Victoria Horne, Jesse White",8.0,Good,tt0042546,Universal Pictures,,,Not Rated,Play,0,1
225,Rio Bravo,1959,Golden Age,141,Extended,"Action, Drama, Western","Howard Hawks, Jules Furthman, Leigh Brackett, B.H. McCampbell, John Wayne, Dean Martin, Ricky Nelson, Angie Dickinson",8.0,Good,tt0053221,Xenon,5750000.0,Indie,Not Rated,Novel,0,2
226,The Philadelphia Story,1940,Silent/Pre-War,112,Standard,"Comedy, Romance","George Cukor, Donald Ogden Stewart, Philip Barry, Cary Grant, Katharine Hepburn, James Stewart, Ruth Hussey",8.0,Good,tt0032904,MGM,3300000.0,Indie,Not Rated,Play,2,3
227,Rope,1948,Silent/Pre-War,80,Short,"Crime, Drama, Thriller","Alfred Hitchcock, Hume Cronyn, Patrick Hamilton, Arthur Laurents, John Dall, Farley Granger, Edith Evanson, Douglas Dick",8.0,Good,tt0040746,Warner Bros.,2200000.0,Indie,PG,Play,0,1
228,The Big Sleep,1946,Silent/Pre-War,114,Standard,"Crime, Film-Noir, Mystery","Howard Hawks, William Faulkner, Leigh Brackett, Jules Furthman, Raymond Chandler, Humphrey Bogart, Lauren Bacall, John Ridgely, Martha Vickers",8.0,Good,tt0038355,Warner Bros.,10682000.0,Modest,Not Rated,Novel,0,3
229,Pink Floyd: The Wall,1982,New Hollywood,95,Short,"Animation, Drama, Fantasy","Alan Parker, Roger Waters, Bob Geldof, Christine Hargreaves, James Laurenson, Eleanor David",8.0,Good,tt0084503,United Artists,22244207.0,Modest,R,Original Screenplay,0,4
232,The Graduate,1967,Golden Age,106,Standard,"Comedy, Drama","Mike Nichols, Calder Willingham, Buck Henry, Charles Webb, Anne Bancroft, Dustin Hoffman, Katharine Ross, William Daniels",8.0,Good,tt0061722,Embassy Pictures/Rialto Pictures,104945305.0,Hit,PG,Novel,1,2
239,The Nightmare Before Christmas,1993,Blockbuster Era,76,Short,"Animation, Family, Fantasy","Henry Selick, Tim Burton, Michael McDowell, Caroline Thompson, Danny Elfman, Chris Sarandon, Catherine O'Hara, William Hickey",8.0,Good,tt0107688,Disney,75634409.0,Moderate,PG,Original Screenplay,0,4
247,Short Term 12,2013,21st Century,96,Short,Drama,"Destin Daniel Cretton, Brie Larson, John Gallagher Jr., Stephanie Beatriz, Rami Malek",8.0,Good,tt2370248,Cinedigm,1645164.0,Indie,R,Original Screenplay,0,3
248,His Girl Friday,1940,Silent/Pre-War,92,Short,"Comedy, Drama, Romance","Howard Hawks, Charles Lederer, Ben Hecht, Charles MacArthur, Cary Grant, Rosalind Russell, Ralph Bellamy, Gene Lockhart",8.0,Good,tt0032599,Sony Pictures,,,Not Rated,Play,0,3
52,The Dark Knight Rises,2012,21st Century,164,Epic,"Action, Thriller","Christopher Nolan, Jonathan Nolan, David S. Goyer, Bob Kane, Christian Bale, Gary Oldman, Tom Hardy, Joseph Gordon-Levitt",8.5,Masterpiece,tt1345836,Warner Bros.,1081041287.0,Mega-Hit,PG-13,Comic Book,0,4
220,The Avengers,2012,21st Century,143,Extended,"Action, Sci-Fi","Joss Whedon, Zak Penn, Robert Downey Jr., Chris Evans, Mark Ruffalo, Chris Hemsworth",8.1,Very Good,tt0848228,Disney,1518815515.0,Mega-Hit,PG-13,Comic Book,0,2
74,Toy Story 3,2010,21st Century,103,Standard,"Animation, Adventure, Comedy","Lee Unkrich, John Lasseter, Andrew Stanton, Michael Arndt, Tom Hanks, Tim Allen, Joan Cusack, Ned Beatty",8.3,Excellent,tt0435761,Disney,1067316101.0,Mega-Hit,G,Original Screenplay,0,3
4,The Dark Knight,2008,21st Century,152,Epic,"Action, Crime, Drama","Christopher Nolan, Jonathan Nolan, David S. Goyer, Bob Kane, Christian Bale, Heath Ledger, Aaron Eckhart, Michael Caine",9.0,Masterpiece,tt0468569,Warner Bros.,1004558444.0,Mega-Hit,PG-13,Comic Book,2,3
53,WALL·E,2008,21st Century,98,Short,"Animation, Adventure, Family","Andrew Stanton, Pete Docter, Jim Reardon, Ben Burtt, Elissa Knight, Jeff Garlin, Fred Willard",8.4,Excellent,tt0910970,Disney,521311860.0,Blockbuster,G,Original Screenplay,1,1
91,Up,2009,21st Century,96,Short,"Animation, Adventure, Comedy","Pete Docter, Bob Peterson, Tom McCarthy, Edward Asner, Christopher Plummer, Jordan Nagai",8.3,Excellent,tt1049413,Disney,735103954.0,Mega-Hit,PG,Original Screenplay,2,1
104,Inside Out,2015,21st Century,95,Short,"Animation, Adventure, Comedy","Pete Docter, Ronnie Del Carmen, Meg LeFauve, Josh Cooley, Michael Arndt, Bill Hader, Amy Poehler, Simon Rich, Phyllis Smith, Richard Kind",8.2,Great,tt2096673,Disney,857611174.0,Mega-Hit,PG,Original Screenplay,2,2
200,Guardians of the Galaxy,2014,21st Century,121,Long,"Action, Adventure, Sci-Fi","James Gunn, Nicole Perlman, Dan Abnett, Andy Lanning, Bill Mantlo, Keith Giffen, Jim Starlin, Steve Englehart, Steve Gan, Steve Gerber, Val Mayerik, Chris Pratt, Zoe Saldana, Dave Bautista, Vin Diesel",8.1,Very Good,tt2015381,Disney,772776600.0,Mega-Hit,PG-13,Comic Book,0,4
26,Interstellar,2014,21st Century,169,Epic,"Adventure, Drama, Sci-Fi","Christopher Nolan, Jonathan Nolan, Ellen Burstyn, Matthew McConaughey, Mackenzie Foy, John Lithgow",8.6,Masterpiece,tt0816692,Paramount Pictures,746606706.0,Mega-Hit,PG-13,Original Screenplay,1,1
134,How to Train Your Dragon,2010,21st Century,98,Short,"Animation, Action, Adventure","Dean DeBlois, Chris Sanders, William Davies, Cressida Cowell, Jay Baruchel, Gerard Butler, Craig Ferguson, America Ferrera",8.1,Very Good,tt0892769,Paramount Pictures,495141736.0,Blockbuster,PG,Novel,1,5
13,Inception,2010,21st Century,148,Extended,"Action, Adventure, Sci-Fi","Christopher Nolan, Leonardo DiCaprio, Joseph Gordon-Levitt, Ellen Page, Tom Hardy",8.8,Masterpiece,tt1375666,Warner Bros.,839030630.0,Mega-Hit,PG-13,Original Screenplay,4,1
90,Batman Begins,2005,Modern Classic,140,Extended,"Action, Adventure","Christopher Nolan, Bob Kane, David S. Goyer, Christian Bale, Michael Caine, Liam Neeson, Katie Holmes",8.3,Excellent,tt0372784,Warner Bros.,374218673.0,Blockbuster,PG-13,Comic Book,0,2
160,Mad Max: Fury Road,2015,21st Century,120,Long,"Action, Adventure, Sci-Fi","George Miller, Brendan McCarthy, Nick Lathouris, Tom Hardy, Charlize Theron, Nicholas Hoult, Hugh Keays-Byrne",8.1,Very Good,tt1392190,Warner Bros.,378858340.0,Blockbuster,R,Original Screenplay,6,4
205,Pirates of the Caribbean: The Curse of the Black Pearl,2003,Modern Classic,143,Extended,"Action, Adventure, Fantasy","Gore Verbinski, Ted Elliott, Terry Rossio, Stuart Beattie, Jay Wolpert, Johnny Depp, Geoffrey Rush, Orlando Bloom, Keira Knightley",8.0,Good,tt0325980,Disney,655011224.0,Mega-Hit,PG-13,Original Screenplay,1,10
238,The Revenant,2015,21st Century,156,Epic,"Adventure, Drama, Thriller","Alejandro González Iñárritu, Mark L. Smith, Michael Punke, Leonardo DiCaprio, Tom Hardy, Domhnall Gleeson, Will Poulter",8.0,Good,tt1663202,20th Century Fox,532950503.0,Mega-Hit,R,Novel,1,2
182,"Monsters, Inc.",2001,Modern Classic,92,Short,"Animation, Adventure, Comedy","Pete Docter, David Silverman, Lee Unkrich, Jill Culton, Jeff Pidgeon, Ralph Eggleston, Andrew Stanton, Daniel Gerson, John Goodman, Billy Crystal, Mary Gibbs, Steve Buscemi",8.1,Very Good,tt0198781,Disney,579700000.0,Mega-Hit,G,Original Screenplay,1,2
223,The Martian,2015,21st Century,144,Extended,"Adventure, Drama, Sci-Fi","Ridley Scott, Drew Goddard, Andy Weir, Matt Damon, Jessica Chastain, Kristen Wiig, Jeff Daniels",8.0,Good,tt3659388,20th Century Fox,631058917.0,Mega-Hit,PG-13,Novel,0,2
39,Gladiator,2000,Modern Classic,155,Epic,"Action, Adventure, Drama","Ridley Scott, David Franzoni, John Logan, William Nicholson, Russell Crowe, Joaquin Phoenix, Connie Nielsen, Oliver Reed",8.5,Masterpiece,tt0172495,DreamWorks,465516248.0,Blockbuster,R,Original Screenplay,5,1
37,Terminator 2: Judgment Day,1991,Blockbuster Era,137,Extended,"Action, Sci-Fi, Thriller","James Cameron, William Wisher Jr., Arnold Schwarzenegger, Linda Hamilton, Edward Furlong, Robert Patrick",8.5,Masterpiece,tt0103064,Sony Pictures,517778573.0,Blockbuster,R,Original Screenplay,4,4
49,Django Unchained,2012,21st Century,165,Epic,"Drama, Western","Quentin Tarantino, Jamie Foxx, Christoph Waltz, Leonardo DiCaprio, Kerry Washington",8.4,Excellent,tt1853728,The Weinstein Company,425368238.0,Blockbuster,R,Original Screenplay,2,2
116,The Wolf of Wall Street,2013,21st Century,180,Epic,"Biography, Comedy, Crime","Martin Scorsese, Terence Winter, Jordan Belfort, Leonardo DiCaprio, Jonah Hill, Margot Robbie, Matthew McConaughey",8.2,Great,tt0993846,Paramount Pictures,407038432.0,Blockbuster,R,Novel,0,5
147,Ben-Hur,1959,Golden Age,212,Epic,"Adventure, Drama, History","William Wyler, Lew Wallace, Karl Tunberg, Charlton Heston, Jack Hawkins, Haya Harareet, Stephen Boyd",8.1,Very Good,tt0052618,MGM,164000000.0,Hit,G,Novel,11,1
235,Blood Diamond,2006,Modern Classic,143,Extended,"Adventure, Drama, Thriller","Edward Zwick, Charles Leavitt, C. Gaby Mitchell, Leonardo DiCaprio, Djimon Hounsou, Jennifer Connelly, Kagiso Kuypers",8.0,Good,tt0450259,Warner Bros.,171700000.0,Hit,R,Original Screenplay,0,2
7,The Lord of the Rings: The Return of the King,2003,Modern Classic,201,Epic,"Adventure, Drama, Fantasy","Peter Jackson, J.R.R. Tolkien, Fran Walsh, Philippa Boyens, Noel Appleby, Ali Astin, Sean Astin, David Aston",8.9,Masterpiece,tt0167260,Warner Bros.,1118888979.0,Mega-Hit,PG-13,Novel,11,10
131,Finding Nemo,2003,Modern Classic,100,Short,"Animation, Adventure, Comedy","Andrew Stanton, Lee Unkrich, Bob Peterson, David Reynolds, Albert Brooks, Ellen DeGeneres, Alexander Gould, Willem Dafoe",8.1,Very Good,tt0266543,Disney,940335536.0,Mega-Hit,G,Original Screenplay,1,2
10,The Lord of the Rings: The Fellowship of the Ring,2001,Modern Classic,178,Epic,"Adventure, Drama, Fantasy","Peter Jackson, J.R.R. Tolkien, Fran Walsh, Philippa Boyens, Alan Howard, Noel Appleby, Sean Astin, Sala Baker",8.8,Masterpiece,tt0120737,Warner Bros.,871368364.0,Mega-Hit,PG-13,Novel,4,10
35,The Departed,2006,Modern Classic,151,Epic,"Crime, Drama, Thriller","Martin Scorsese, William Monahan, Alan Mak, Felix Chong, Leonardo DiCaprio, Matt Damon, Jack Nicholson, Mark Wahlberg",8.5,Masterpiece,tt0407887,Warner Bros.,291465000.0,Blockbuster,R,Remake,4,2
141,Shutter Island,2010,21st Century,138,Extended,"Mystery, Thriller","Martin Scorsese, Laeta Kalogridis, Dennis Lehane, Leonardo DiCaprio, Mark Ruffalo, Ben Kingsley, Max von Sydow",8.1,Very Good,tt1130884,Paramount Pictures,294804195.0,Blockbuster,R,Novel,0,2
240,The Manchurian Candidate,1962,Golden Age,126,Long,"Drama, Thriller","John Frankenheimer, Richard Condon, George Axelrod, Frank Sinatra, Laurence Harvey, Janet Leigh, Angela Lansbury",8.0,Good,tt0056218,MGM,7700000.0,Indie,PG-13,Novel,0,3
14,The Lord of the Rings: The Two Towers,2002,Modern Classic,179,Epic,"Adventure, Drama, Fantasy","Peter Jackson, J.R.R. Tolkien, Fran Walsh, Philippa Boyens, Stephen Sinclair, Bruce Allpress, Sean Astin, John Bach, Sala Baker",8.7,Masterpiece,tt0167261,Warner Bros.,926287400.0,Mega-Hit,PG-13,Novel,2,8
61,Braveheart,1995,Blockbuster Era,178,Epic,"Biography, Drama, History","Mel Gibson, Randall Wallace, James Robinson, Sean Lawlor, Sandy Nelson, James Cosmo",8.4,Excellent,tt0112573,Paramount Pictures,213216216.0,Hit,R,Real Event,1,1
24,Saving Private Ryan,1998,Blockbuster Era,169,Epic,"Drama, War","Steven Spielberg, Robert Rodat, Tom Hanks, Tom Sizemore, Edward Burns, Barry Pepper",8.6,Masterpiece,tt0120815,Paramount Pictures,481840909.0,Blockbuster,R,Original Screenplay,5,3
79,Inglourious Basterds,2009,21st Century,153,Epic,"Adventure, Drama, War","Quentin Tarantino, Eli Roth, Brad Pitt, Mélanie Laurent, Christoph Waltz",8.3,Excellent,tt0361748,The Weinstein Company,321457747.0,Blockbuster,R,Original Screenplay,1,2
183,The Bourne Ultimatum,2007,Modern Classic,115,Standard,"Action, Mystery, Thriller","Paul Greengrass, Tony Gilroy, Scott Z. Burns, George Nolfi, Robert Ludlum, Matt Damon, Julia Stiles, David Strathairn, Scott Glenn",8.1,Very Good,tt0440963,Universal Pictures,442824138.0,Blockbuster,PG-13,Novel,0,3
244,Big Fish,2003,Modern Classic,125,Long,"Adventure, Drama, Fantasy","Tim Burton, Daniel Wallace, John August, Ewan McGregor, Albert Finney, Billy Crudup, Jessica Lange",8.0,Good,tt0319061,Sony Pictures,123200000.0,Hit,Not Rated,Novel,0,2
66,The Kid,1921,Silent/Pre-War,68,Short,"Comedy, Drama, Family","Charles Chaplin, Carl Miller, Edna Purviance, Jackie Coogan",8.3,Excellent,tt0012349,First National Pictures Inc.,5450000.0,Indie,Not Rated,Original Screenplay,0,2
9,Fight Club,1999,Modern Classic,139,Extended,Drama,"David Fincher, Chuck Palahniuk, Jim Uhls, Edward Norton, Brad Pitt, Meat Loaf, Zach Grenier",8.8,Masterpiece,tt0137523,20th Century Fox,100853753.0,Hit,R,Novel,0,2
17,The Matrix,1999,Modern Classic,136,Extended,"Action, Sci-Fi","Lana Wachowski, Lilly Wachowski, Keanu Reeves, Laurence Fishburne, Carrie-Anne Moss, Hugo Weaving",8.7,Masterpiece,tt0133093,Warner Bros.,463517383.0,Blockbuster,R,Original Screenplay,4,2
164,Jurassic Park,1993,Blockbuster Era,127,Long,"Adventure, Sci-Fi, Thriller","Steven Spielberg, Michael Crichton, David Koepp, Sam Neill, Laura Dern, Jeff Goldblum, Richard Attenborough",8.1,Very Good,tt0107290,Universal Pictures,920100000.0,Mega-Hit,PG-13,Novel,3,2
138,Gone Girl,2014,21st Century,149,Extended,"Crime, Drama, Mystery","David Fincher, Gillian Flynn, Ben Affleck, Rosamund Pike, Neil Patrick Harris, Tyler Perry",8.1,Very Good,tt2267998,20th Century Fox,370890259.0,Blockbuster,R,Novel,1,2
30,The Green Mile,1999,Modern Classic,189,Epic,"Crime, Drama, Fantasy","Frank Darabont, Stephen King, Tom Hanks, David Morse, Michael Clarke Duncan, Bonnie Hunt",8.5,Masterpiece,tt0120689,Warner Bros.,286801374.0,Blockbuster,R,Novel,0,3
112,A Beautiful Mind,2001,Modern Classic,135,Extended,"Biography, Drama","Ron Howard, Akiva Goldsman, Sylvia Nasar, Russell Crowe, Ed Harris, Jennifer Connelly, Christopher Plummer",8.2,Great,tt0268978,Universal Pictures,316791257.0,Blockbuster,PG-13,Real Event,4,3
168,The Truman Show,1998,Blockbuster Era,103,Standard,"Comedy, Drama, Sci-Fi","Peter Weir, Andrew Niccol, Jim Carrey, Laura Linney, Noah Emmerich, Natascha McElhone",8.1,Very Good,tt0120382,Paramount Pictures,264118712.0,Blockbuster,PG,Original Screenplay,0,3
241,Deadpool,2016,Contemporary,108,Standard,"Action, Adventure, Comedy","Tim Miller, Rhett Reese, Paul Wernick, Ryan Reynolds, Karan Soni, Ed Skrein, Michael Benyaer",8.0,Good,tt1431045,20th Century Fox,782837347.0,Mega-Hit,R,Comic Book,0,1
11,Forrest Gump,1994,Blockbuster Era,142,Extended,"Comedy, Drama, Romance","Robert Zemeckis, Winston Groom, Eric Roth, Tom Hanks, Rebecca Williams, Sally Field, Michael Conner Humphreys",8.8,Masterpiece,tt0109830,Paramount Pictures,677387716.0,Mega-Hit,PG-13,Novel,6,2
115,V for Vendetta,2005,Modern Classic,132,Extended,"Action, Drama, Thriller","James McTeigue, Lilly Wachowski, Lana Wachowski, David Lloyd, Natalie Portman, Hugo Weaving, Stephen Rea, Stephen Fry",8.2,Great,tt0434409,Warner Bros.,134686457.0,Hit,R,Comic Book,0,3
111,Casino,1995,Blockbuster Era,178,Epic,"Crime, Drama","Martin Scorsese, Nicholas Pileggi, Robert De Niro, Sharon Stone, Joe Pesci, James Woods",8.2,Great,tt0112641,Universal Pictures,116112375.0,Hit,R,Novel,0,1
179,Catch Me If You Can,2002,Modern Classic,141,Extended,"Biography, Crime, Drama","Steven Spielberg, Jeff Nathanson, Frank Abagnale Jr., Stan Redding, Leonardo DiCaprio, Tom Hanks, Christopher Walken, Martin Sheen",8.1,Very Good,tt0264464,DreamWorks,352114312.0,Blockbuster,PG-13,Real Event,0,5
88,Indiana Jones and the Last Crusade,1989,Blockbuster Era,127,Long,"Action, Adventure, Fantasy","Steven Spielberg, Jeffrey Boam, George Lucas, Menno Meyjes, Philip Kaufman, Harrison Ford, Sean Connery, Denholm Elliott, Alison Doody",8.3,Excellent,tt0097576,Paramount Pictures,474171806.0,Blockbuster,PG-13,Original Screenplay,1,6
177,Prisoners,2013,21st Century,153,Epic,"Crime, Drama, Mystery","Denis Villeneuve, Aaron Guzikowski, Hugh Jackman, Jake Gyllenhaal, Viola Davis, Maria Bello",8.1,Very Good,tt1392214,Warner Bros.,122126687.0,Hit,R,Original Screenplay,0,1
40,The Lion King,1994,Blockbuster Era,88,Short,"Animation, Adventure, Drama","Roger Allers, Rob Minkoff, Irene Mecchi, Jonathan Roberts, Linda Woolverton, Burny Mattinson, Barry Johnson, Lorna Cook, Thom Enriquez, Andy Gaskill, Gary Trousdale, Jim Capobianco, Kevin Harkey, Jorgen Klubien, Chris Sanders, Tom Sito, Larry Leker, Joe Ranft, Rick Maki, Ed Gombert, Francis Glebas, Mark Kausler, J.T. Allen, George Scribner, Miguel Tejada-Flores, Jenny Tripp, Bob Tzudiker, Christopher Vogler, Kirk Wise, Noni White, Brenda Chapman, Rowan Atkinson, Matthew Broderick, Niketa Calame, Jim Cummings",8.5,Masterpiece,tt0110357,Disney,763455561.0,Mega-Hit,G,Original Screenplay,2,3
41,The Prestige,2006,Modern Classic,130,Long,"Drama, Mystery, Sci-Fi","Christopher Nolan, Jonathan Nolan, Christopher Priest, Hugh Jackman, Christian Bale, Michael Caine, Piper Perabo",8.5,Masterpiece,tt0482571,Disney,109676311.0,Hit,PG-13,Novel,1,2
130,The Sixth Sense,1999,Modern Classic,107,Standard,"Drama, Mystery, Thriller","M. Night Shyamalan, Bruce Willis, Haley Joel Osment, Toni Collette, Olivia Williams",8.1,Very Good,tt0167404,Disney,672800000.0,Mega-Hit,PG-13,Original Screenplay,0,3
216,Sin City,2005,Modern Classic,124,Long,"Crime, Thriller","Frank Miller, Robert Rodriguez, Quentin Tarantino, Jessica Alba, Devon Aoki, Alexis Bledel, Powers Boothe",8.0,Good,tt0401792,Dimension Films,158733820.0,Hit,R,Comic Book,0,2
233,JFK,1991,Blockbuster Era,189,Epic,"Drama, History, Thriller","Oliver Stone, Zachary Sklar, Jim Garrison, Jim Marrs, Sally Kirkland, Anthony Ramirez, Ray LePere, Steve Reed",8.0,Good,tt0102138,Warner Bros.,205405498.0,Hit,R,Real Event,2,1
143,Rush,2013,21st Century,123,Long,"Action, Biography, Drama","Ron Howard, Peter Morgan, Chris Hemsworth, Daniel Brühl, Olivia Wilde, Alexandra Maria Lara",8.1,Very Good,tt1979320,Universal Pictures,90200000.0,Moderate,R,Real Event,0,1
236,Magnolia,1999,Modern Classic,188,Epic,Drama,"Paul Thomas Anderson, Pat Healy, Genevieve Zweig, Mark Flanagan, Neil Flynn",8.0,Good,tt0175880,Warner Bros.,48451803.0,Moderate,R,Original Screenplay,0,1
33,The Pianist,2002,Modern Classic,150,Epic,"Biography, Drama, Music","Roman Polanski, Ronald Harwood, Wladyslaw Szpilman, Adrien Brody, Emilia Fox, Michal Zebrowski, Ed Stoppard",8.5,Masterpiece,tt0253474,Universal Pictures,120098945.0,Hit,R,Novel,3,2
85,L.A. Confidential,1997,Blockbuster Era,138,Extended,"Crime, Drama, Mystery","Curtis Hanson, James Ellroy, Brian Helgeland, Kevin Spacey, Russell Crowe, Guy Pearce, James Cromwell",8.3,Excellent,tt0119488,Warner Bros.,126216940.0,Hit,R,Novel,2,2
19,Se7en,1995,Blockbuster Era,127,Long,"Crime, Drama, Mystery","David Fincher, Andrew Kevin Walker, Morgan Freeman, Kevin Spacey, Daniel Zacapa",8.6,Masterpiece,tt0114369,Warner Bros.,327311859.0,Blockbuster,R,Original Screenplay,0,1
125,Gran Torino,2008,21st Century,116,Standard,Drama,"Clint Eastwood, Nick Schenk, Dave Johannson, Christopher Carley, Bee Vang, Ahney Her",8.2,Great,tt1205489,Warner Bros.,270000000.0,Blockbuster,R,Original Screenplay,0,2
42,Apocalypse Now,1979,New Hollywood,153,Epic,"Drama, War","Francis Ford Coppola, John Milius, Michael Herr, Marlon Brando, Martin Sheen, Robert Duvall, Frederic Forrest",8.5,Masterpiece,tt0078788,United Artists,150000000.0,Hit,R,Novel,0,2
55,Once Upon a Time in America,1984,New Hollywood,229,Epic,"Crime, Drama","Sergio Leone, Harry Grey, Leonardo Benvenuti, Piero De Bernardi, Enrico Medioli, Franco Arcalli, Franco Ferrini, Stuart Kaminsky, Robert De Niro, James Woods, Elizabeth McGovern, Joe Pesci",8.4,Excellent,tt0087843,Warner Bros.,5500000.0,Indie,R,Novel,0,6
78,Toy Story,1995,Blockbuster Era,81,Short,"Animation, Adventure, Comedy","John Lasseter, Pete Docter, Andrew Stanton, Joe Ranft, Joss Whedon, Joel Cohen, Alec Sokolow, Tom Hanks, Tim Allen, Don Rickles, Jim Varney",8.3,Excellent,tt0114709,Disney,401157969.0,Blockbuster,G,Original Screenplay,0,2
137,Kill Bill: Vol. 1,2003,Modern Classic,111,Standard,"Action, Crime, Thriller","Quentin Tarantino, Uma Thurman, Lucy Liu, Vivica A. Fox, Daryl Hannah",8.1,Very Good,tt0266697,Miramax,180906076.0,Hit,R,Original Screenplay,0,4
159,The Grand Budapest Hotel,2014,21st Century,99,Short,"Adventure, Comedy, Drama","Wes Anderson, Stefan Zweig, Hugo Guinness, Ralph Fiennes, F. Murray Abraham, Mathieu Amalric, Adrien Brody",8.1,Very Good,tt2278388,20th Century Fox,174600318.0,Hit,R,Novel,4,4
163,Million Dollar Baby,2004,Modern Classic,132,Extended,"Drama, Sport","Clint Eastwood, Paul Haggis, F.X. Toole, Hilary Swank, Morgan Freeman, Jay Baruchel",8.1,Very Good,tt0405159,Warner Bros.,216763646.0,Hit,PG-13,Novel,4,3
98,Die Hard,1988,Blockbuster Era,131,Long,"Action, Thriller","John McTiernan, Roderick Thorp, Jeb Stuart, Steven E. de Souza, Bruce Willis, Bonnie Bedelia, Reginald VelJohnson, Paul Gleason",8.2,Great,tt0095016,20th Century Fox,140767956.0,Hit,R,Novel,0,2
109,Blade Runner,1982,New Hollywood,117,Standard,"Sci-Fi, Thriller","Ridley Scott, Hampton Fancher, David Webb Peoples, Philip K. Dick, Harrison Ford, Rutger Hauer, Sean Young, Edward James Olmos",8.2,Great,tt0083658,Warner Bros.,41722424.0,Moderate,R,Novel,0,2
243,Aladdin,1992,Blockbuster Era,90,Short,"Animation, Adventure, Comedy","Ron Clements, John Musker, Ted Elliott, Terry Rossio, Burny Mattinson, Roger Allers, Daan Jippes, Kevin Harkey, Sue C. Nichols, Francis Glebas, Darrell Rooney, Larry Leker, James Fujii, Kirk Hanson, Kevin Lima, Rebecca Rees, David S. Smith, Chris Sanders, Brian Pimental, Patrick A. Ventura, Scott Weinger, Robin Williams, Linda Larkin, Jonathan Freeman",8.0,Good,tt0103639,Disney,504050219.0,Blockbuster,G,Novel,0,1
1,The Shawshank Redemption,1994,Blockbuster Era,142,Extended,"Crime, Drama","Frank Darabont, Stephen King, Tim Robbins, Morgan Freeman, Bob Gunton, William Sadler",9.3,Masterpiece,tt0111161,Sony Pictures,28341469.0,Modest,R,Novel,0,3
16,Goodfellas,1990,Blockbuster Era,146,Extended,"Crime, Drama","Martin Scorsese, Nicholas Pileggi, Robert De Niro, Ray Liotta, Joe Pesci, Lorraine Bracco",8.7,Masterpiece,tt0099685,Warner Bros.,47072327.0,Moderate,R,Novel,1,1
84,Scarface,1983,New Hollywood,170,Epic,"Crime, Drama","Brian De Palma, Oliver Stone, Al Pacino, Steven Bauer, Michelle Pfeiffer, Mary Elizabeth Mastrantonio",8.3,Excellent,tt0086250,Universal Pictures,66023329.0,Moderate,R,Remake,0,1
114,Warrior,2011,21st Century,140,Extended,"Action, Drama, Sport","Gavin O'Connor, Anthony Tambakis, Cliff Dorfman, Joel Edgerton, Tom Hardy, Nick Nolte, Jennifer Morrison",8.2,Great,tt1291584,Lionsgate,23300000.0,Modest,PG-13,Original Screenplay,0,1
133,No Country for Old Men,2007,Modern Classic,122,Long,"Crime, Drama, Thriller","Ethan Coen, Joel Coen, Cormac McCarthy, Tommy Lee Jones, Javier Bardem, Josh Brolin, Woody Harrelson",8.1,Very Good,tt0477348,Miramax,171627166.0,Hit,R,Novel,4,5
135,There Will Be Blood,2007,Modern Classic,158,Epic,"Drama, History","Paul Thomas Anderson, Upton Sinclair, Daniel Day-Lewis, Martin Stringer, Matthew Braden Stringer, Jacob Stringer",8.1,Very Good,tt0469494,Paramount Pictures,77208711.0,Moderate,R,Novel,2,4
193,The Help,2011,21st Century,146,Extended,Drama,"Tate Taylor, Kathryn Stockett, Emma Stone, Viola Davis, Bryce Dallas Howard, Octavia Spencer",8.1,Very Good,tt1454029,DreamWorks,216600000.0,Hit,PG-13,Novel,1,2
237,Rain Man,1988,Blockbuster Era,133,Extended,Drama,"Barry Levinson, Barry Morrow, Ronald Bass, Dustin Hoffman, Tom Cruise, Valeria Golino, Gerald R. Molen",8.0,Good,tt0095953,MGM,354825435.0,Blockbuster,R,Original Screenplay,1,2
6,Schindler's List,1993,Blockbuster Era,195,Epic,"Biography, Drama, History","Steven Spielberg, Thomas Keneally, Steven Zaillian, Liam Neeson, Ben Kingsley, Ralph Fiennes, Caroline Goodall",8.9,Masterpiece,tt0108052,Universal Pictures,321365567.0,Blockbuster,R,Novel,7,2
173,Gandhi,1982,New Hollywood,191,Epic,"Biography, Drama, History","Richard Attenborough, John Briley, Ben Kingsley, Candice Bergen, Edward Fox, John Gielgud",8.1,Very Good,tt0083987,Sony Pictures,77737889.0,Moderate,PG,Real Event,8,1
27,American History X,1998,Blockbuster Era,119,Long,"Crime, Drama","Tony Kaye, David McKenna, Edward Norton, Edward Furlong, Beverly D'Angelo, Jennifer Lien",8.5,Masterpiece,tt0120586,Warner Bros.,23900000.0,Modest,R,Original Screenplay,0,3
70,Eternal Sunshine of the Spotless Mind,2004,Modern Classic,108,Standard,"Drama, Romance, Sci-Fi","Michel Gondry, Charlie Kaufman, Pierre Bismuth, Jim Carrey, Kate Winslet, Gerry Robert Byrne, Elijah Wood",8.3,Excellent,tt0338013,Universal Pictures,72258126.0,Moderate,R,Original Screenplay,2,6
154,Spotlight,2015,21st Century,128,Long,"Crime, Drama, History","Tom McCarthy, Josh Singer, Mark Ruffalo, Michael Keaton, Rachel McAdams, Liev Schreiber",8.1,Very Good,tt1895587,Open Road Films,98690254.0,Moderate,R,Real Event,2,1
158,12 Years a Slave,2013,21st Century,134,Extended,"Biography, Drama, History","Steve McQueen, John Ridley, Solomon Northup, Chiwetel Ejiofor, Dwight Henry, Dickie Gravois, Bryan Batt",8.1,Very Good,tt2024544,20th Century Fox,187000000.0,Hit,R,Novel,3,4
21,The Silence of the Lambs,1991,Blockbuster Era,118,Standard,"Crime, Drama, Thriller","Jonathan Demme, Thomas Harris, Ted Tally, Jodie Foster, Lawrence A. Bonney, Kasi Lemmons, Lawrence T. Wrentz",8.6,Masterpiece,tt0102926,Orion Pictures Corporation,272742922.0,Blockbuster,R,Novel,5,5
38,Back to the Future,1985,New Hollywood,116,Standard,"Adventure, Comedy, Sci-Fi","Robert Zemeckis, Bob Gale, Michael J. Fox, Christopher Lloyd, Lea Thompson, Crispin Glover",8.5,Masterpiece,tt0088763,Universal Pictures,381109762.0,Blockbuster,PG,Original Screenplay,1,4
50,The Shining,1980,New Hollywood,146,Extended,"Drama, Horror","Stanley Kubrick, Stephen King, Diane Johnson, Jack Nicholson, Shelley Duvall, Danny Lloyd, Scatman Crothers",8.4,Excellent,tt0081505,Warner Bros.,44781695.0,Moderate,R,Novel,0,2
56,Aliens,1986,New Hollywood,137,Extended,"Action, Adventure, Sci-Fi","James Cameron, David Giler, Walter Hill, Dan O'Bannon, Ronald Shusett, Sigourney Weaver, Carrie Henn, Michael Biehn, Paul Reiser",8.4,Excellent,tt0090605,20th Century Fox,183316455.0,Hit,R,Original Screenplay,2,1
32,Raiders of the Lost Ark,1981,New Hollywood,115,Standard,"Action, Adventure","Steven Spielberg, Lawrence Kasdan, George Lucas, Philip Kaufman, Harrison Ford, Karen Allen, Paul Freeman, Ronald Lacey",8.5,Masterpiece,tt0082971,Paramount Pictures,389925971.0,Blockbuster,PG,Original Screenplay,5,5
68,Amadeus,1984,New Hollywood,160,Epic,"Biography, Drama, History","Milos Forman, Peter Shaffer, F. Murray Abraham, Tom Hulce, Elizabeth Berridge, Roy Dotrice",8.3,Excellent,tt0086879,Warner Bros.,90007557.0,Moderate,PG,Play,8,1
95,Raging Bull,1980,New Hollywood,129,Long,"Biography, Drama, Sport","Martin Scorsese, Jake LaMotta, Joseph Carter, Peter Savage, Paul Schrader, Mardik Martin, Robert De Niro, Cathy Moriarty, Joe Pesci, Frank Vincent",8.2,Great,tt0081398,United Artists,23380203.0,Modest,R,Real Event,2,2
144,Hotel Rwanda,2004,Modern Classic,121,Long,"Biography, Drama, History","Terry George, Keir Pearson, Don Cheadle, Xolani Mali, Desmond Dube, Hakeem Kae-Kazim",8.1,Very Good,tt0395169,MGM,38000000.0,Moderate,PG-13,Real Event,0,2
211,Dead Poets Society,1989,Blockbuster Era,128,Long,"Comedy, Drama","Peter Weir, Tom Schulman, Robin Williams, Robert Sean Leonard, Ethan Hawke, Josh Charles",8.0,Good,tt0097165,Disney,235860116.0,Hit,PG,Original Screenplay,1,3
149,Hachi: A Dog's Tale,2009,21st Century,93,Short,"Drama, Family","Lasse Hallström, Stephen P. Lindsey, Kaneto Shindô, Richard Gere, Joan Allen, Cary-Hiroyuki Tagawa, Sarah Roemer",8.1,Very Good,tt1028532,Inferno Entertainment,46800000.0,Moderate,G,Real Event,0,4
161,The Princess Bride,1987,Blockbuster Era,98,Short,"Adventure, Family, Fantasy","Rob Reiner, William Goldman, Cary Elwes, Mandy Patinkin, Chris Sarandon, Christopher Guest",8.1,Very Good,tt0093779,20th Century Fox,30900000.0,Modest,PG,Novel,0,3
54,American Beauty,1999,Modern Classic,122,Long,"Drama, Romance","Sam Mendes, Alan Ball, Kevin Spacey, Annette Bening, Thora Birch, Wes Bentley",8.4,Excellent,tt0169547,DreamWorks,356296601.0,Blockbuster,R,Original Screenplay,5,2
65,Lawrence of Arabia,1962,Golden Age,216,Epic,"Adventure, Biography, Drama","David Lean, T.E. Lawrence, Robert Bolt, Michael Wilson, Peter O'Toole, Alec Guinness, Anthony Quinn, Jack Hawkins",8.3,Excellent,tt0056172,Sony Pictures,70000000.0,Moderate,PG,Real Event,7,3
123,The Deer Hunter,1978,New Hollywood,183,Epic,"Drama, War","Michael Cimino, Deric Washburn, Louis Garfinkle, Quinn K. Redeker, Robert De Niro, John Cazale, John Savage, Christopher Walken",8.2,Great,tt0077416,Universal Pictures,49000000.0,Moderate,R,Original Screenplay,5,3
126,The Big Lebowski,1998,Blockbuster Era,117,Standard,"Comedy, Crime","Joel Coen, Ethan Coen, Jeff Bridges, John Goodman, Julianne Moore, Steve Buscemi",8.2,Great,tt0118715,Gramercy Pictures,47010480.0,Moderate,R,Original Screenplay,0,3
127,The Thing,1982,New Hollywood,109,Standard,"Horror, Mystery, Sci-Fi","John Carpenter, Bill Lancaster, John W. Campbell Jr., Kurt Russell, Wilford Brimley, T.K. Carter, David Clennon",8.2,Great,tt0084787,Universal Pictures,19629760.0,Modest,R,Novel,0,2
136,Into the Wild,2007,Modern Classic,148,Extended,"Adventure, Biography, Drama","Sean Penn, Jon Krakauer, Emile Hirsch, Marcia Gay Harden, William Hurt, Jena Malone",8.1,Very Good,tt0758758,Paramount Pictures,56255142.0,Moderate,R,Novel,0,3
230,The King's Speech,2010,21st Century,118,Standard,"Biography, Drama","Tom Hooper, David Seidler, Colin Firth, Helena Bonham Carter, Derek Jacobi, Robert Portal",8.0,Good,tt1504320,The Weinstein Company,414211549.0,Blockbuster,R,Real Event,4,3
250,Slumdog Millionaire,2008,21st Century,120,Long,Drama,"Danny Boyle, Loveleen Tandan, Simon Beaufoy, Vikas Swarup, Dev Patel, Saurabh Shukla, Anil Kapoor, Raj Zutshi",8.0,Good,tt1010048,20th Century Fox,378400000.0,Blockbuster,R,Novel,8,2
192,Groundhog Day,1993,Blockbuster Era,101,Short,"Comedy, Fantasy, Romance","Harold Ramis, Danny Rubin, Bill Murray, Andie MacDowell, Chris Elliott, Stephen Tobolowsky",8.0,Good,tt0107048,Sony Pictures,71108778.0,Moderate,PG,Original Screenplay,0,2
93,Unforgiven,1992,Blockbuster Era,131,Long,"Drama, Western","Clint Eastwood, David Webb Peoples, Gene Hackman, Morgan Freeman, Richard Harris",8.2,Great,tt0105695,Warner Bros.,159157447.0,Hit,R,Original Screenplay,4,1
207,The Imitation Game,2014,21st Century,114,Standard,"Biography, Drama, Thriller","Morten Tyldum, Graham Moore, Andrew Hodges, Benedict Cumberbatch, Keira Knightley, Matthew Goode, Rory Kinnear",8.1,Very Good,tt2084970,The Weinstein Company,233555708.0,Hit,PG-13,Real Event,1,3
3,The Godfather: Part II,1974,New Hollywood,202,Epic,"Crime, Drama","Francis Ford Coppola, Mario Puzo, Al Pacino, Robert Duvall, Diane Keaton, Robert De Niro",9.0,Masterpiece,tt0071562,Paramount Pictures,102600000.0,Hit,R,Novel,6,4
245,Patton,1970,Golden Age,172,Epic,"Biography, Drama, War","Franklin J. Schaffner, Francis Ford Coppola, Edmund H. North, Ladislas Farago, Omar N. Bradley, George C. Scott, Karl Malden, Stephen Young, Michael Strong",8.0,Good,tt0066206,20th Century Fox,89800000.0,Moderate,PG,Real Event,7,1
46,Alien,1979,New Hollywood,117,Standard,"Horror, Sci-Fi","Ridley Scott, Dan O'Bannon, Ronald Shusett, Tom Skerritt, Sigourney Weaver, Veronica Cartwright, Harry Dean Stanton",8.5,Masterpiece,tt0078748,20th Century Fox,104931801.0,Hit,R,Original Screenplay,1,1
174,Barry Lyndon,1975,New Hollywood,184,Epic,"Adventure, Drama, History","Stanley Kubrick, William Makepeace Thackeray, Ryan O'Neal, Marisa Berenson, Patrick Magee, Hardy Krüger",8.1,Very Good,tt0072684,Warner Bros.,31500000.0,Modest,PG,Novel,0,2
75,2001: A Space Odyssey,1968,Golden Age,149,Extended,"Adventure, Sci-Fi","Stanley Kubrick, Arthur C. Clarke, Keir Dullea, Gary Lockwood, William Sylvester, Daniel Richter",8.3,Excellent,tt0062622,Warner Bros.,71923560.0,Moderate,G,Novel,1,4
80,Snatch,2000,Modern Classic,102,Short,"Comedy, Crime","Guy Ritchie, Benicio Del Toro, Dennis Farina, Vinnie Jones, Brad Pitt",8.3,Excellent,tt0208092,Sony Pictures,83557872.0,Moderate,R,Original Screenplay,0,1
86,Good Will Hunting,1997,Blockbuster Era,126,Long,Drama,"Gus Van Sant, Matt Damon, Ben Affleck, Stellan Skarsgård, John Mighton",8.3,Excellent,tt0119217,Miramax,225900000.0,Hit,R,Original Screenplay,2,3
249,The Straight Story,1999,Modern Classic,112,Standard,"Biography, Drama","David Lynch, John Roach, Mary Sweeney, Sissy Spacek, Jane Galloway Heitz, Joseph A. Carpenter, Donald Wiegert",8.0,Good,tt0166896,Disney,6418028.0,Indie,G,Real Event,0,3
43,Memento,2000,Modern Classic,113,Standard,"Mystery, Thriller","Christopher Nolan, Jonathan Nolan, Guy Pearce, Carrie-Anne Moss, Joe Pantoliano, Mark Boone Junior",8.5,Masterpiece,tt0209144,Newmarket Films,40047236.0,Moderate,R,Novel,0,1
8,Pulp Fiction,1994,Blockbuster Era,154,Epic,"Crime, Drama","Quentin Tarantino, Roger Avary, Tim Roth, Amanda Plummer, Laura Lovelace, John Travolta",8.9,Masterpiece,tt0110912,Miramax,213928762.0,Hit,R,Original Screenplay,1,2
148,Stand by Me,1986,New Hollywood,89,Short,"Adventure, Drama","Rob Reiner, Stephen King, Raynold Gideon, Bruce A. Evans, Wil Wheaton, River Phoenix, Corey Feldman, Jerry O'Connell",8.1,Very Good,tt0092005,Universal Pictures,52300000.0,Moderate,R,Novel,0,3
224,The Exorcist,1973,New Hollywood,122,Long,Horror,"William Friedkin, William Peter Blatty, Ellen Burstyn, Max von Sydow, Lee J. Cobb, Kitty Winn",8.0,Good,tt0070047,Warner Bros.,441306145.0,Blockbuster,R,Novel,2,2
202,Jaws,1975,New Hollywood,124,Long,"Adventure, Drama, Thriller","Steven Spielberg, Peter Benchley, Carl Gottlieb, Roy Scheider, Robert Shaw, Richard Dreyfuss, Lorraine Gary",8.0,Good,tt0073195,Universal Pictures,470653000.0,Blockbuster,PG,Novel,3,1
191,The Terminator,1984,New Hollywood,107,Standard,"Action, Sci-Fi","James Cameron, Gale Anne Hurd, William Wisher Jr., Arnold Schwarzenegger, Michael Biehn, Linda Hamilton, Paul Winfield",8.0,Good,tt0088247,Orion Pictures Corporation,78371200.0,Moderate,R,Original Screenplay,0,2
242,The Wild Bunch,1969,Golden Age,135,Extended,"Action, Adventure, Western","Sam Peckinpah, Walon Green, Roy N. Sickner, William Holden, Ernest Borgnine, Robert Ryan, Edmond O'Brien",8.0,Good,tt0065214,Warner Bros.,638641.0,Indie,R,Original Screenplay,0,3
2,The Godfather,1972,Golden Age,175,Epic,"Crime, Drama","Francis Ford Coppola, Mario Puzo, Marlon Brando, Al Pacino, James Caan, Richard S. Castellano",9.2,Masterpiece,tt0068646,Paramount Pictures,245066411.0,Hit,R,Novel,3,2
22,The Usual Suspects,1995,Blockbuster Era,106,Standard,"Crime, Drama, Mystery","Bryan Singer, Christopher McQuarrie, Stephen Baldwin, Gabriel Byrne, Benicio Del Toro, Kevin Pollak",8.6,Masterpiece,tt0114814,Gramercy Pictures,23300000.0,Modest,R,Original Screenplay,2,3
106,Room,2015,21st Century,118,Standard,Drama,"Lenny Abrahamson, Emma Donoghue, Brie Larson, Jacob Tremblay, Sean Bridgers, Wendy Crewson",8.2,Great,tt3170832,Element Pictures,35401758.0,Moderate,R,Novel,1,1
145,Platoon,1986,New Hollywood,120,Long,"Drama, War","Oliver Stone, Tom Berenger, Keith David, Willem Dafoe, Forest Whitaker",8.1,Very Good,tt0091763,Orion Pictures,138530565.0,Hit,R,Real Event,2,1
152,Butch Cassidy and the Sundance Kid,1969,Golden Age,110,Standard,"Biography, Crime, Drama","George Roy Hill, William Goldman, Paul Newman, Robert Redford, Katharine Ross, Strother Martin",8.1,Very Good,tt0064115,20th Century Fox,102308889.0,Hit,PG,Real Event,4,6
178,Donnie Darko,2001,Modern Classic,113,Standard,"Drama, Sci-Fi, Thriller","Richard Kelly, Jake Gyllenhaal, Holmes Osborne, Maggie Gyllenhaal, Daveigh Chase",8.1,Very Good,tt0246578,Newmarket Film Group,7500000.0,Indie,R,Original Screenplay,0,2
73,The Sting,1973,New Hollywood,129,Long,"Comedy, Crime, Drama","George Roy Hill, David S. Ward, Paul Newman, Robert Redford, Robert Shaw, Charles Durning",8.3,Excellent,tt0070735,Universal Pictures,159616327.0,Hit,PG,Original Screenplay,7,2
113,The Elephant Man,1980,New Hollywood,124,Long,"Biography, Drama","David Lynch, Christopher De Vore, Eric Bergren, Frederick Treves, Ashley Montagu, Anthony Hopkins, John Hurt, Anne Bancroft, John Gielgud",8.2,Great,tt0080678,Paramount Pictures,26000000.0,Modest,PG,Real Event,0,3
64,Requiem for a Dream,2000,Modern Classic,102,Short,Drama,"Darren Aronofsky, Hubert Selby Jr., Ellen Burstyn, Jared Leto, Jennifer Connelly, Marlon Wayans",8.4,Excellent,tt0180093,Artisan Entertainment,7390108.0,Indie,R,Novel,0,4
96,The Great Escape,1963,Golden Age,172,Epic,"Adventure, Drama, History","John Sturges, Paul Brickhill, James Clavell, W.R. Burnett, Steve McQueen, James Garner, Richard Attenborough, James Donald",8.2,Great,tt0057115,VCI,11700000.0,Modest,Not Rated,Real Event,0,3
119,Gone with the Wind,1939,Silent/Pre-War,238,Epic,"Drama, History, Romance","Victor Fleming, George Cukor, Sam Wood, Margaret Mitchell, Sidney Howard, Thomas Mitchell, Barbara O'Neil, Vivien Leigh, Evelyn Keyes",8.2,Great,tt0031381,MGM,402352579.0,Blockbuster,G,Novel,10,4
122,Trainspotting,1996,Blockbuster Era,94,Short,Drama,"Danny Boyle, John Hodge, Irvine Welsh, Ewan McGregor, Ewen Bremner, Jonny Lee Miller, Kevin McKidd",8.2,Great,tt0117951,Miramax,71981823.0,Moderate,R,Novel,0,1
176,Annie Hall,1977,New Hollywood,93,Short,"Comedy, Romance","Woody Allen, Marshall Brickman, Diane Keaton, Tony Roberts, Carol Kane",8.1,Very Good,tt0075686,United Artists,43989445.0,Moderate,PG,Original Screenplay,4,2
140,Network,1976,New Hollywood,121,Long,Drama,"Sidney Lumet, Paddy Chayefsky, Faye Dunaway, William Holden, Peter Finch, Robert Duvall",8.1,Very Good,tt0074958,MGM,23700000.0,Modest,R,Original Screenplay,0,1
36,Whiplash,2014,21st Century,107,Standard,"Drama, Music","Damien Chazelle, Miles Teller, J.K. Simmons, Paul Reiser, Melissa Benoist",8.5,Masterpiece,tt2582802,Sony Pictures,50307484.0,Moderate,R,Original Screenplay,3,1
180,The Man Who Shot Liberty Valance,1962,Golden Age,123,Long,"Action, Drama, Western","John Ford, James Warner Bellah, Willis Goldbeck, Dorothy M. Johnson, John Wayne, James Stewart, Vera Miles, Lee Marvin",8.1,Very Good,tt0056217,Paramount Pictures,8000000.0,Indie,PG-13,Novel,0,6
20,It's a Wonderful Life,1946,Silent/Pre-War,130,Long,"Drama, Family, Fantasy","Frank Capra, Frances Goodrich, Albert Hackett, Jo Swerling, Philip Van Doren Stern, James Stewart, Donna Reed, Lionel Barrymore, Thomas Mitchell",8.6,Masterpiece,tt0038650,Liberty Films,9644124.0,Modest,PG,Novel,0,4
15,One Flew Over the Cuckoo's Nest,1975,New Hollywood,133,Extended,Drama,"Milos Forman, Lawrence Hauben, Bo Goldman, Ken Kesey, Dale Wasserman, Michael Berryman, Peter Brocco, Dean R. Brooks, Alonzo Brown",8.7,Masterpiece,tt0073486,United Artists,108981275.0,Hit,R,Novel,5,6
81,The Apartment,1960,Golden Age,125,Long,"Comedy, Drama, Romance","Billy Wilder, I.A.L. Diamond, Jack Lemmon, Shirley MacLaine, Fred MacMurray, Ray Walston",8.3,Excellent,tt0053604,United Artists,25000000.0,Modest,Not Rated,Original Screenplay,0,2
94,Judgment at Nuremberg,1961,Golden Age,186,Epic,"Drama, War","Stanley Kramer, Abby Mann, Spencer Tracy, Burt Lancaster, Richard Widmark, Marlene Dietrich",8.3,Excellent,tt0055031,United Artists,10000000.0,Modest,Not Rated,Play,2,3
105,The Bridge on the River Kwai,1957,Golden Age,161,Epic,"Adventure, Drama, War","David Lean, Pierre Boulle, Carl Foreman, Michael Wilson, William Holden, Alec Guinness, Jack Hawkins, Sessue Hayakawa",8.2,Great,tt0050212,Sony Pictures,44908000.0,Moderate,PG,Novel,7,6
184,Cat on a Hot Tin Roof,1958,Golden Age,108,Standard,"Drama, Romance","Richard Brooks, James Poe, Tennessee Williams, Elizabeth Taylor, Paul Newman, Burl Ives, Jack Carson",8.1,Very Good,tt0051459,MGM,17570324.0,Modest,Not Rated,Play,0,6
89,Some Like It Hot,1959,Golden Age,121,Long,"Comedy, Romance","Billy Wilder, I.A.L. Diamond, Robert Thoeren, Michael Logan, Marilyn Monroe, Tony Curtis, Jack Lemmon, George Raft",8.3,Excellent,tt0053291,United Artists,25000000.0,Modest,Not Rated,Original Screenplay,1,4
208,Young Frankenstein,1974,New Hollywood,106,Standard,Comedy,"Mel Brooks, Gene Wilder, Mary Shelley, Peter Boyle, Marty Feldman, Madeline Kahn",8.0,Good,tt0072431,20th Century Fox,86273333.0,Moderate,PG,Novel,0,2
185,The Wizard of Oz,1939,Silent/Pre-War,102,Short,"Adventure, Family, Fantasy","Victor Fleming, George Cukor, Mervyn LeRoy, Norman Taurog, King Vidor, Noel Langley, Florence Ryerson, Edgar Allan Woolf, L. Frank Baum, Judy Garland, Frank Morgan, Ray Bolger, Bert Lahr",8.1,Very Good,tt0032138,Warner Bros.,33754967.0,Moderate,G,Novel,2,4
206,Before Sunset,2004,Modern Classic,80,Short,"Drama, Romance","Richard Linklater, Julie Delpy, Ethan Hawke, Kim Krizan, Vernon Dobtcheff, Louise Lemoine Torrès",8.0,Good,tt0381681,Warner Bros.,15992615.0,Modest,R,Original Screenplay,0,2
71,Singin' in the Rain,1952,Silent/Pre-War,103,Standard,"Comedy, Musical, Romance","Stanley Donen, Gene Kelly, Betty Comden, Adolph Green, Donald O'Connor, Debbie Reynolds, Jean Hagen",8.3,Excellent,tt0045152,MGM,7200000.0,Indie,G,Original Screenplay,0,4
167,Before Sunrise,1995,Blockbuster Era,101,Short,"Drama, Romance","Richard Linklater, Kim Krizan, Ethan Hawke, Julie Delpy, Andrea Eckert, Hanno Pöschl",8.1,Very Good,tt0112471,Sony Pictures,5987386.0,Indie,R,Original Screenplay,0,2
156,The Best Years of Our Lives,1946,Silent/Pre-War,170,Epic,"Drama, Romance, War","William Wyler, Robert E. Sherwood, MacKinlay Kantor, Myrna Loy, Fredric March, Dana Andrews, Teresa Wright",8.1,Very Good,tt0036868,RKO Radio Pictures,1000000.0,Indie,G,Novel,7,6
69,To Kill a Mockingbird,1962,Golden Age,129,Long,"Crime, Drama","Robert Mulligan, Harper Lee, Horton Foote, Gregory Peck, John Megna, Frank Overton, Rosemary Murphy",8.3,Excellent,tt0056592,Universal Pictures,13129846.0,Modest,Not Rated,Novel,1,4
217,The Hustler,1961,Golden Age,134,Extended,"Drama, Sport","Robert Rossen, Sidney Carroll, Walter Tevis, Paul Newman, Jackie Gleason, Piper Laurie, George C. Scott",8.0,Good,tt0054997,20th Century Fox,7600000.0,Indie,Not Rated,Novel,0,2
47,Dr. Strangelove or: How I Learned to Stop Worrying and Love the Bomb,1964,Golden Age,95,Short,Comedy,"Stanley Kubrick, Terry Southern, Peter George, Peter Sellers, George C. Scott, Sterling Hayden, Keenan Wynn",8.5,Masterpiece,tt0057012,Sony Pictures,9500000.0,Modest,PG,Novel,0,13
214,A Streetcar Named Desire,1951,Silent/Pre-War,122,Long,Drama,"Elia Kazan, Tennessee Williams, Oscar Saul, Vivien Leigh, Marlon Brando, Kim Hunter, Karl Malden",8.0,Good,tt0044081,Warner Bros.,8000000.0,Indie,PG,Play,4,4
102,Mr. Smith Goes to Washington,1939,Silent/Pre-War,129,Long,"Comedy, Drama","Frank Capra, Sidney Buchman, Lewis R. Foster, Jean Arthur, James Stewart, Claude Rains, Edward Arnold",8.2,Great,tt0031679,ITVS,9600000.0,Modest,Not Rated,Novel,1,5
110,"Lock, Stock and Two Smoking Barrels",1998,Blockbuster Era,107,Standard,"Comedy, Crime","Guy Ritchie, Jason Flemyng, Dexter Fletcher, Nick Moran, Jason Statham",8.2,Great,tt0120735,Gramercy Pictures,28356188.0,Modest,R,Original Screenplay,0,6
72,Taxi Driver,1976,New Hollywood,113,Standard,"Crime, Drama","Martin Scorsese, Paul Schrader, Diahnne Abbott, Frank Adu, Victor Argo, Gino Ardito",8.3,Excellent,tt0075314,Sony Pictures,28579636.0,Modest,R,Original Screenplay,0,2
121,Rebecca,1940,Silent/Pre-War,130,Long,"Drama, Mystery, Romance","Alfred Hitchcock, Daphne Du Maurier, Robert E. Sherwood, Joan Harrison, Philip MacDonald, Michael Hogan, Laurence Olivier, Joan Fontaine, George Sanders, Judith Anderson",8.2,Great,tt0032976,United Artists,7592465.0,Indie,Not Rated,Novel,0,1
246,The Lost Weekend,1945,Silent/Pre-War,101,Short,"Drama, Film-Noir","Billy Wilder, Charles R. Jackson, Charles Brackett, Ray Milland, Jane Wyman, Phillip Terry, Howard Da Silva",8.0,Good,tt0037884,Paramount Pictures,11000000.0,Modest,Not Rated,Novel,4,3
62,Reservoir Dogs,1992,Blockbuster Era,99,Short,"Crime, Drama, Thriller","Quentin Tarantino, Roger Avary, Harvey Keitel, Tim Roth, Michael Madsen, Chris Penn",8.3,Excellent,tt0105236,Miramax,2859750.0,Indie,R,Original Screenplay,0,2
175,Rocky,1976,New Hollywood,120,Long,"Drama, Sport","John G. Avildsen, Sylvester Stallone, Talia Shire, Burt Young, Carl Weathers",8.1,Very Good,tt0075148,United Artists,117253345.0,Hit,PG,Original Screenplay,0,1
234,Sling Blade,1996,Blockbuster Era,135,Extended,Drama,"Billy Bob Thornton, Dwight Yoakam, J.T. Walsh, John Ritter",8.0,Good,tt0117666,Miramax,34100000.0,Moderate,R,Original Screenplay,1,2
101,On the Waterfront,1954,Golden Age,108,Standard,"Crime, Drama, Thriller","Elia Kazan, Budd Schulberg, Malcolm Johnson, Marlon Brando, Karl Malden, Lee J. Cobb, Rod Steiger",8.2,Great,tt0047296,Sony Pictures,9600631.0,Modest,Not Rated,Novel,8,3
29,Casablanca,1942,Silent/Pre-War,102,Short,"Drama, Romance, War","Michael Curtiz, Julius J. Epstein, Philip G. Epstein, Howard Koch, Murray Burnett, Joan Alison, Humphrey Bogart, Ingrid Bergman, Paul Henreid, Claude Rains",8.5,Masterpiece,tt0034583,Warner Bros.,4219441.0,Indie,PG,Play,3,1
31,Psycho,1960,Golden Age,109,Standard,"Horror, Mystery, Thriller","Alfred Hitchcock, Joseph Stefano, Robert Bloch, Anthony Perkins, Vera Miles, John Gavin, Janet Leigh",8.5,Masterpiece,tt0054215,Paramount Pictures,32000000.0,Modest,R,Novel,0,1
212,High Noon,1952,Silent/Pre-War,85,Short,"Drama, Thriller, Western","Fred Zinnemann, Carl Foreman, John W. Cunningham, Gary Cooper, Thomas Mitchell, Lloyd Bridges, Katy Jurado",8.0,Good,tt0044706,United Artists,12000000.0,Modest,PG,Novel,4,2
83,Monty Python and the Holy Grail,1975,New Hollywood,91,Short,"Adventure, Comedy, Fantasy","Terry Gilliam, Terry Jones, Graham Chapman, John Cleese, Eric Idle, Michael Palin",8.3,Excellent,tt0071853,Almi Cinema 5,5028948.0,Indie,PG,Original Screenplay,0,6
5,12 Angry Men,1957,Golden Age,96,Short,"Crime, Drama","Sidney Lumet, Reginald Rose, Martin Balsam, John Fiedler, Lee J. Cobb, E.G. Marshall",8.9,Masterpiece,tt0050083,Criterion Collection,2000000.0,Indie,Not Rated,Play,0,3
128,It Happened One Night,1934,Silent/Pre-War,105,Standard,"Comedy, Romance","Frank Capra, Robert Riskin, Samuel Hopkins Adams, Clark Gable, Claudette Colbert, Walter Connolly, Roscoe Karns",8.2,Great,tt0025316,Sony Pictures,4500000.0,Indie,Not Rated,Novel,5,4
28,Modern Times,1936,Silent/Pre-War,87,Short,"Comedy, Drama, Family","Charles Chaplin, Paulette Goddard, Henry Bergman, Tiny Sandford",8.5,Masterpiece,tt0027977,United Artists,1800000.0,Indie,G,Original Screenplay,0,2
231,A Christmas Story,1983,New Hollywood,94,Short,"Comedy, Family","Bob Clark, Jean Shepherd, Leigh Brown, Melinda Dillon, Darren McGavin, Peter Billingsley, Scott Schwartz",8.0,Good,tt0085334,MGM,20700000.0,Modest,PG,Novel,0,3
300,Black Panther,2018,Contemporary,135,Extended,"Action, Adventure, Science Fiction","Ryan Coogler, Joe Robert Cole, Chadwick Boseman, Michael B. Jordan, Lupita Nyong'o, Danai Gurira",7.4,Good,tt1825683,Marvel Studios,1349926083.0,Mega-Hit,PG-13,Comic Book,3,2
301,A Star Is Born,2018,Contemporary,136,Extended,"Music, Drama, Romance","Bradley Cooper, Will Fetters, Lady Gaga, Sam Elliott, Andrew Dice Clay",7.5,Good,tt1517451,Warner Bros.,436388866.0,Blockbuster,R,Remake,1,4
302,Spider-Man: Into the Spider-Verse,2018,Contemporary,117,Standard,"Animation, Action, Adventure, Science Fiction","Bob Persichetti, Peter Ramsey, Rodney Rothman, Phil Lord, Shameik Moore, Jake Johnson, Hailee Steinfeld, Mahershala Ali",8.4,Excellent,tt4633694,Sony Pictures,393602435.0,Blockbuster,PG,Comic Book,1,4
303,Bohemian Rhapsody,2018,Contemporary,135,Extended,"Music, Drama","Bryan Singer, Anthony McCarten, Rami Malek, Gwilym Lee, Ben Hardy, Joseph Mazzello",8.0,Good,tt1727824,20th Century Fox,910813521.0,Mega-Hit,PG-13,Real Event,4,2
304,Avengers: Infinity War,2018,Contemporary,149,Extended,"Adventure, Action, Science Fiction","Anthony Russo, Joe Russo, Christopher Markus, Stephen McFeely, Robert Downey Jr., Chris Evans, Chris Hemsworth, Josh Brolin",8.2,Great,tt4154756,Marvel Studios,2052415039.0,Mega-Hit,PG-13,Comic Book,0,3
305,Avengers: Endgame,2019,Contemporary,181,Epic,"Adventure, Science Fiction, Action","Joe Russo, Anthony Russo, Stephen McFeely, Christopher Markus, Robert Downey Jr., Chris Evans, Mark Ruffalo, Chris Hemsworth",8.2,Great,tt4154796,Marvel Studios,2799439100.0,Mega-Hit,PG-13,Comic Book,0,2
306,Parasite,2019,Contemporary,133,Extended,"Comedy, Thriller, Drama","Bong Joon Ho, Han Jin-won, Song Kang-ho, Lee Sun-kyun, Cho Yeo-jeong, Choi Woo-shik",8.5,Masterpiece,tt6751668,Barunson E&A,257591776.0,Hit,R,Original Screenplay,4,1
307,Joker,2019,Contemporary,122,Long,"Crime, Thriller, Drama","Todd Phillips, Scott Silver, Joaquin Phoenix, Robert De Niro, Zazie Beetz, Frances Conroy",8.1,Very Good,tt7286456,Warner Bros.,1078958629.0,Mega-Hit,R,Comic Book,2,1
308,1917,2019,Contemporary,119,Long,"War, History, Drama, Action","Sam Mendes, Krysty Wilson-Cairns, George MacKay, Dean-Charles Chapman, Mark Strong, Andrew Scott",8.0,Good,tt8579674,DreamWorks Pictures,446064352.0,Blockbuster,R,Original Screenplay,3,1
309,Once Upon a Time in Hollywood,2019,Contemporary,162,Epic,"Comedy, Drama, Thriller","Quentin Tarantino, Leonardo DiCaprio, Brad Pitt, Margot Robbie, Emile Hirsch",7.4,Good,tt7131622,Sony Pictures,392105159.0,Blockbuster,R,Original Screenplay,2,6
310,Knives Out,2019,Contemporary,131,Long,"Comedy, Crime, Mystery","Rian Johnson, Daniel Craig, Chris Evans, Ana de Armas, Jamie Lee Curtis",7.8,Good,tt8946378,MRC,312897920.0,Blockbuster,PG-13,Original Screenplay,0,2
311,Jojo Rabbit,2019,Contemporary,108,Standard,"Comedy, War, Drama","Taika Waititi, Roman Griffin Davis, Thomasin McKenzie, Scarlett Johansson",8.0,Good,tt2584384,Fox Searchlight Pictures,82468705.0,Moderate,PG-13,Novel,1,2
312,Dune,2021,Contemporary,155,Epic,"Science Fiction, Adventure","Denis Villeneuve, Eric Roth, Timothée Chalamet, Rebecca Ferguson, Oscar Isaac, Jason Momoa",7.8,Good,tt1160419,Legendary Pictures,410668500.0,Blockbuster,PG-13,Novel,6,1
313,Spider-Man: No Way Home,2021,Contemporary,148,Extended,"Action, Adventure, Science Fiction","Jon Watts, Chris McKenna, Erik Sommers, Tom Holland, Zendaya, Benedict Cumberbatch, Jacob Batalon",7.9,Good,tt10872600,Sony Pictures,1921847111.0,Mega-Hit,PG-13,Comic Book,0,4
314,No Time to Die,2021,Contemporary,163,Epic,"Action, Thriller, Adventure","Cary Joji Fukunaga, Robert Wade, Phoebe Waller-Bridge, Daniel Craig, Léa Seydoux, Rami Malek, Lashana Lynch",7.3,Good,tt2382320,MGM,774153024.0,Mega-Hit,PG-13,Novel,1,4
315,The Batman,2022,Contemporary,177,Epic,"Crime, Mystery, Thriller","Matt Reeves, Peter Craig, Robert Pattinson, Zoë Kravitz, Jeffrey Wright, Colin Farrell",7.7,Good,tt1877830,Warner Bros.,772775278.0,Mega-Hit,PG-13,Comic Book,0,2
316,Everything Everywhere All at Once,2022,Contemporary,140,Extended,"Action, Adventure, Science Fiction","Daniel Scheinert, Daniel Kwan, Michelle Yeoh, Stephanie Hsu, Ke Huy Quan, James Hong",7.7,Good,tt6710474,IAC Films,139200000.0,Hit,R,Original Screenplay,7,5
317,Top Gun: Maverick,2022,Contemporary,131,Long,"Action, Drama","Joseph Kosinski, Eric Warren Singer, Ehren Kruger, Tom Cruise, Val Kilmer, Miles Teller, Jennifer Connelly",8.2,Great,tt1745960,Paramount Pictures,1488732821.0,Mega-Hit,PG-13,Original Screenplay,1,3
318,The Banshees of Inisherin,2022,Contemporary,114,Standard,"Drama, Comedy","Martin McDonagh, Colin Farrell, Brendan Gleeson, Kerry Condon, Barry Keoghan",7.5,Good,tt11813216,Searchlight Pictures,49300000.0,Moderate,R,Original Screenplay,0,4
319,Oppenheimer,2023,Contemporary,181,Epic,"Drama, History","Christopher Nolan, Cillian Murphy, Emily Blunt, Matt Damon, Robert Downey Jr.",8.0,Good,tt15398776,Universal Pictures,952000000.0,Mega-Hit,R,Novel,7,1
320,Barbie,2023,Contemporary,114,Standard,"Comedy, Adventure","Greta Gerwig, Noah Baumbach, Margot Robbie, Ryan Gosling, America Ferrera, Ariana Greenblatt",6.9,Good,tt1517268,Warner Bros.,1447138421.0,Mega-Hit,PG-13,Original Screenplay,1,1
321,Killers of the Flower Moon,2023,Contemporary,206,Epic,"Crime, History, Drama","Martin Scorsese, Eric Roth, Leonardo DiCaprio, Robert De Niro, Lily Gladstone, Jesse Plemons",7.4,Good,tt5537002,Apple Studios,158722599.0,Hit,R,Novel,0,5
322,The Holdovers,2023,Contemporary,133,Extended,"Comedy, Drama","Alexander Payne, David Hemingson, Paul Giamatti, Dominic Sessa, Da'Vine Joy Randolph, Carrie Preston",7.7,Good,tt14849194,Miramax,42513270.0,Moderate,R,Original Screenplay,1,2
323,Dune: Part Two,2024,Contemporary,167,Epic,"Science Fiction, Adventure","Denis Villeneuve, Jon Spaihts, Timothée Chalamet, Zendaya, Rebecca Ferguson, Javier Bardem",8.1,Very Good,tt15239678,Legendary Pictures,714844358.0,Mega-Hit,PG-13,Novel,0,3
324,Inside Out 2,2024,Contemporary,97,Short,"Animation, Adventure, Comedy, Family","Kelsey Mann, Meg LeFauve, Dave Holstein, Amy Poehler, Maya Hawke, Kensington Tallman, Liza Lapira",7.5,Good,tt22022452,Pixar,1698863816.0,Mega-Hit,PG,Original Screenplay,0,3
325,The Brutalist,2024,Contemporary,215,Epic,Drama,"Brady Corbet, Mona Fastvold, Adrien Brody, Felicity Jones, Guy Pearce, Joe Alwyn",7.0,Good,tt8999762,Brookstreet Pictures,50145227.0,Moderate,R,Original Screenplay,3,2
326,Anora,2024,Contemporary,139,Extended,"Drama, Comedy, Romance","Sean Baker, Mikey Madison, Mark Eydelshteyn, Yura Borisov, Karren Karagulian",7.1,Good,tt28607951,Cre Film,56286295.0,Moderate,R,Original Screenplay,1,1
327,Gladiator II,2024,Contemporary,148,Extended,"Action, Adventure, Drama","Ridley Scott, David Scarpa, Paul Mescal, Denzel Washington, Pedro Pascal, Connie Nielsen",6.6,Good,tt9218128,Paramount Pictures,462180717.0,Blockbuster,R,Original Screenplay,0,2
328,Wicked,2024,Contemporary,162,Epic,"Drama, Romance, Fantasy","Jon M. Chu, Winnie Holzman, Dana Fox, Cynthia Erivo, Ariana Grande, Michelle Yeoh, Jonathan Bailey",6.9,Good,tt1262426,Universal Pictures,758737211.0,Mega-Hit,PG,Play,0,1
329,The Wild Robot,2024,Contemporary,102,Short,"Animation, Science Fiction, Family, Adventure, Drama","Chris Sanders, Lupita Nyong'o, Pedro Pascal, Kit Connor, Bill Nighy",8.3,Excellent,tt29623480,DreamWorks Animation,331982078.0,Blockbuster,PG,Novel,0,3
330,Conclave,2024,Contemporary,120,Long,"Drama, Thriller","Edward Berger, Peter Straughan, Ralph Fiennes, Stanley Tucci, John Lithgow, Isabella Rossellini",7.2,Good,tt20215234,FilmNation Entertainment,115657988.0,Hit,PG,Novel,0,1
